system:index,Station_ID,date,imageId,mean,model,region,variable,.geo
2015-02-25_4,D12,2015-02-25T00:00:00,2015-02-25,0.7451921046612358,itrc,3x3,et,
2015-02-25_5,D14,2015-02-25T00:00:00,2015-02-25,1.8771363770878544,itrc,3x3,et,
2015-02-25_8,D04,2015-02-25T00:00:00,2015-02-25,0.9960718813887026,itrc,3x3,et,
2015-02-25_9,D06,2015-02-25T00:00:00,2015-02-25,2.3982701650568745,itrc,3x3,et,
2015-02-25_11,D10,2015-02-25T00:00:00,2015-02-25,2.667738845003005,itrc,3x3,et,
2015-02-25_10,D09,2015-02-25T00:00:00,2015-02-25,2.168368947755604,itrc,3x3,et,
2015-02-25_12,D13,2015-02-25T00:00:00,2015-02-25,1.8282679139423534,itrc,3x3,et,
2015-02-25_13,D01,2015-02-25T00:00:00,2015-02-25,-0.21314804523169056,itrc,3x3,et,
2015-02-25_14,D05,2015-02-25T00:00:00,2015-02-25,0.7599098782524805,itrc,3x3,et,
2015-02-25_6,D07,2015-02-25T00:00:00,2015-02-25,2.5443225548217434,itrc,3x3,et,
2015-02-25_7,D08,2015-02-25T00:00:00,2015-02-25,1.3373022928807956,itrc,3x3,et,
2015-02-25_2,D03,2015-02-25T00:00:00,2015-02-25,1.7644116975770154,itrc,3x3,et,
2015-02-25_3,D11,2015-02-25T00:00:00,2015-02-25,-0.20409168421094145,itrc,3x3,et,
2015-02-25_1,D02,2015-02-25T00:00:00,2015-02-25,2.4169308316437155,itrc,3x3,et,
2015-03-05_4,D12,2015-03-05T00:00:00,2015-03-05,1.2456408307398386,itrc,3x3,et,
2015-03-05_5,D14,2015-03-05T00:00:00,2015-03-05,2.3362810182113716,itrc,3x3,et,
2015-03-05_8,D04,2015-03-05T00:00:00,2015-03-05,1.6979522200571096,itrc,3x3,et,
2015-03-05_9,D06,2015-03-05T00:00:00,2015-03-05,2.9912925928467025,itrc,3x3,et,
2015-03-05_11,D10,2015-03-05T00:00:00,2015-03-05,2.835793802771477,itrc,3x3,et,
2015-03-05_10,D09,2015-03-05T00:00:00,2015-03-05,2.6536305619576006,itrc,3x3,et,
2015-03-05_12,D13,2015-03-05T00:00:00,2015-03-05,2.6015615325947707,itrc,3x3,et,
2015-03-05_13,D01,2015-03-05T00:00:00,2015-03-05,0.5243190121016161,itrc,3x3,et,
2015-03-05_14,D05,2015-03-05T00:00:00,2015-03-05,1.5145246492630524,itrc,3x3,et,
2015-03-05_6,D07,2015-03-05T00:00:00,2015-03-05,2.35947099374851,itrc,3x3,et,
2015-03-05_7,D08,2015-03-05T00:00:00,2015-03-05,1.3644801587334479,itrc,3x3,et,
2015-03-05_2,D03,2015-03-05T00:00:00,2015-03-05,2.2321569769794407,itrc,3x3,et,
2015-03-05_3,D11,2015-03-05T00:00:00,2015-03-05,0.07540415701770059,itrc,3x3,et,
2015-03-05_1,D02,2015-03-05T00:00:00,2015-03-05,2.834396027665696,itrc,3x3,et,
2015-04-22_4,D12,2015-04-22T00:00:00,2015-04-22,3.731413813889754,itrc,3x3,et,
2015-04-22_5,D14,2015-04-22T00:00:00,2015-04-22,2.279166899010357,itrc,3x3,et,
2015-04-22_8,D04,2015-04-22T00:00:00,2015-04-22,4.271690037654126,itrc,3x3,et,
2015-04-22_9,D06,2015-04-22T00:00:00,2015-04-22,0.9770409350671901,itrc,3x3,et,
2015-04-22_11,D10,2015-04-22T00:00:00,2015-04-22,4.228468091908134,itrc,3x3,et,
2015-04-22_10,D09,2015-04-22T00:00:00,2015-04-22,2.089834846387151,itrc,3x3,et,
2015-04-22_12,D13,2015-04-22T00:00:00,2015-04-22,3.0033491511827575,itrc,3x3,et,
2015-04-22_13,D01,2015-04-22T00:00:00,2015-04-22,3.926114414478888,itrc,3x3,et,
2015-04-22_14,D05,2015-04-22T00:00:00,2015-04-22,4.135636391752053,itrc,3x3,et,
2015-04-22_6,D07,2015-04-22T00:00:00,2015-04-22,2.365463003958291,itrc,3x3,et,
2015-04-22_7,D08,2015-04-22T00:00:00,2015-04-22,4.436668393083476,itrc,3x3,et,
2015-04-22_2,D03,2015-04-22T00:00:00,2015-04-22,4.918573635202844,itrc,3x3,et,
2015-04-22_3,D11,2015-04-22T00:00:00,2015-04-22,0.9968427961357393,itrc,3x3,et,
2015-04-22_1,D02,2015-04-22T00:00:00,2015-04-22,4.9460921780601215,itrc,3x3,et,
2015-05-24_4,D12,2015-05-24T00:00:00,2015-05-24,5.64372725927809,itrc,3x3,et,
2015-05-24_5,D14,2015-05-24T00:00:00,2015-05-24,5.529039983974077,itrc,3x3,et,
2015-05-24_8,D04,2015-05-24T00:00:00,2015-05-24,6.27402121151097,itrc,3x3,et,
2015-05-24_9,D06,2015-05-24T00:00:00,2015-05-24,2.666738114639934,itrc,3x3,et,
2015-05-24_11,D10,2015-05-24T00:00:00,2015-05-24,3.252379982259261,itrc,3x3,et,
2015-05-24_10,D09,2015-05-24T00:00:00,2015-05-24,1.471482962786007,itrc,3x3,et,
2015-05-24_12,D13,2015-05-24T00:00:00,2015-05-24,2.87457930209541,itrc,3x3,et,
2015-05-24_13,D01,2015-05-24T00:00:00,2015-05-24,6.824603544479889,itrc,3x3,et,
2015-05-24_14,D05,2015-05-24T00:00:00,2015-05-24,5.609025631275476,itrc,3x3,et,
2015-05-24_6,D07,2015-05-24T00:00:00,2015-05-24,1.6684792485432682,itrc,3x3,et,
2015-05-24_7,D08,2015-05-24T00:00:00,2015-05-24,0.7711089809683606,itrc,3x3,et,
2015-05-24_2,D03,2015-05-24T00:00:00,2015-05-24,3.971290375029646,itrc,3x3,et,
2015-05-24_3,D11,2015-05-24T00:00:00,2015-05-24,3.677488607469862,itrc,3x3,et,
2015-05-24_1,D02,2015-05-24T00:00:00,2015-05-24,6.634184216537608,itrc,3x3,et,
2015-06-25_4,D12,2015-06-25T00:00:00,2015-06-25,7.535031881215893,itrc,3x3,et,
2015-06-25_5,D14,2015-06-25T00:00:00,2015-06-25,8.629850313925619,itrc,3x3,et,
2015-06-25_8,D04,2015-06-25T00:00:00,2015-06-25,8.971593455286342,itrc,3x3,et,
2015-06-25_9,D06,2015-06-25T00:00:00,2015-06-25,9.58164600219194,itrc,3x3,et,
2015-06-25_11,D10,2015-06-25T00:00:00,2015-06-25,5.104245544104051,itrc,3x3,et,
2015-06-25_10,D09,2015-06-25T00:00:00,2015-06-25,6.3675164213147255,itrc,3x3,et,
2015-06-25_12,D13,2015-06-25T00:00:00,2015-06-25,8.186960986979551,itrc,3x3,et,
2015-06-25_13,D01,2015-06-25T00:00:00,2015-06-25,9.754255132109291,itrc,3x3,et,
2015-06-25_14,D05,2015-06-25T00:00:00,2015-06-25,7.7261485356518955,itrc,3x3,et,
2015-06-25_6,D07,2015-06-25T00:00:00,2015-06-25,0.5299134639597273,itrc,3x3,et,
2015-06-25_7,D08,2015-06-25T00:00:00,2015-06-25,3.8784995700052276,itrc,3x3,et,
2015-06-25_2,D03,2015-06-25T00:00:00,2015-06-25,7.6356264488027135,itrc,3x3,et,
2015-06-25_3,D11,2015-06-25T00:00:00,2015-06-25,9.535689494164618,itrc,3x3,et,
2015-06-25_1,D02,2015-06-25T00:00:00,2015-06-25,9.206254876720967,itrc,3x3,et,
2015-07-11_4,D12,2015-07-11T00:00:00,2015-07-11,6.686546085184572,itrc,3x3,et,
2015-07-11_5,D14,2015-07-11T00:00:00,2015-07-11,7.085691632192588,itrc,3x3,et,
2015-07-11_8,D04,2015-07-11T00:00:00,2015-07-11,6.631178308115788,itrc,3x3,et,
2015-07-11_9,D06,2015-07-11T00:00:00,2015-07-11,7.458492945834188,itrc,3x3,et,
2015-07-11_11,D10,2015-07-11T00:00:00,2015-07-11,7.088010011127066,itrc,3x3,et,
2015-07-11_10,D09,2015-07-11T00:00:00,2015-07-11,5.270828214407383,itrc,3x3,et,
2015-07-11_12,D13,2015-07-11T00:00:00,2015-07-11,3.052234618971693,itrc,3x3,et,
2015-07-11_13,D01,2015-07-11T00:00:00,2015-07-11,6.940845934300315,itrc,3x3,et,
2015-07-11_14,D05,2015-07-11T00:00:00,2015-07-11,5.826924988736657,itrc,3x3,et,
2015-07-11_6,D07,2015-07-11T00:00:00,2015-07-11,2.2157848816475525,itrc,3x3,et,
2015-07-11_7,D08,2015-07-11T00:00:00,2015-07-11,6.34842018785693,itrc,3x3,et,
2015-07-11_2,D03,2015-07-11T00:00:00,2015-07-11,6.319114109192427,itrc,3x3,et,
2015-07-11_3,D11,2015-07-11T00:00:00,2015-07-11,7.290172604990254,itrc,3x3,et,
2015-07-11_1,D02,2015-07-11T00:00:00,2015-07-11,4.351690446311059,itrc,3x3,et,
2015-07-27_4,D12,2015-07-27T00:00:00,2015-07-27,6.906613178278138,itrc,3x3,et,
2015-07-27_5,D14,2015-07-27T00:00:00,2015-07-27,4.219196544891877,itrc,3x3,et,
2015-07-27_8,D04,2015-07-27T00:00:00,2015-07-27,7.252464536805011,itrc,3x3,et,
2015-07-27_9,D06,2015-07-27T00:00:00,2015-07-27,8.964525180337317,itrc,3x3,et,
2015-07-27_11,D10,2015-07-27T00:00:00,2015-07-27,5.148155340765576,itrc,3x3,et,
2015-07-27_10,D09,2015-07-27T00:00:00,2015-07-27,6.722590481839672,itrc,3x3,et,
2015-07-27_12,D13,2015-07-27T00:00:00,2015-07-27,6.956815866483653,itrc,3x3,et,
2015-07-27_13,D01,2015-07-27T00:00:00,2015-07-27,6.275479481690425,itrc,3x3,et,
2015-07-27_14,D05,2015-07-27T00:00:00,2015-07-27,6.776818200555771,itrc,3x3,et,
2015-07-27_6,D07,2015-07-27T00:00:00,2015-07-27,1.2352035563393622,itrc,3x3,et,
2015-07-27_7,D08,2015-07-27T00:00:00,2015-07-27,8.45043990083598,itrc,3x3,et,
2015-07-27_2,D03,2015-07-27T00:00:00,2015-07-27,6.874479054988574,itrc,3x3,et,
2015-07-27_3,D11,2015-07-27T00:00:00,2015-07-27,7.572121942854675,itrc,3x3,et,
2015-07-27_1,D02,2015-07-27T00:00:00,2015-07-27,7.4583591984204585,itrc,3x3,et,
2015-08-12_4,D12,2015-08-12T00:00:00,2015-08-12,5.693222962748942,itrc,3x3,et,
2015-08-12_5,D14,2015-08-12T00:00:00,2015-08-12,5.036216118572894,itrc,3x3,et,
2015-08-12_8,D04,2015-08-12T00:00:00,2015-08-12,6.866492329675698,itrc,3x3,et,
2015-08-12_9,D06,2015-08-12T00:00:00,2015-08-12,4.103714111483742,itrc,3x3,et,
2015-08-12_11,D10,2015-08-12T00:00:00,2015-08-12,6.980242061157293,itrc,3x3,et,
2015-08-12_10,D09,2015-08-12T00:00:00,2015-08-12,5.5523208839523015,itrc,3x3,et,
2015-08-12_12,D13,2015-08-12T00:00:00,2015-08-12,2.6956097877878586,itrc,3x3,et,
2015-08-12_13,D01,2015-08-12T00:00:00,2015-08-12,4.7389184542351375,itrc,3x3,et,
2015-08-12_14,D05,2015-08-12T00:00:00,2015-08-12,5.375694371226778,itrc,3x3,et,
2015-08-12_6,D07,2015-08-12T00:00:00,2015-08-12,2.6565990005904263,itrc,3x3,et,
2015-08-12_7,D08,2015-08-12T00:00:00,2015-08-12,7.415344624411165,itrc,3x3,et,
2015-08-12_2,D03,2015-08-12T00:00:00,2015-08-12,6.965344485812161,itrc,3x3,et,
2015-08-12_3,D11,2015-08-12T00:00:00,2015-08-12,5.9406923207521025,itrc,3x3,et,
2015-08-12_1,D02,2015-08-12T00:00:00,2015-08-12,4.627054241523276,itrc,3x3,et,
2015-09-21_4,D12,2015-09-21T00:00:00,2015-09-21,4.1850579273846344,itrc,3x3,et,
2015-09-21_5,D14,2015-09-21T00:00:00,2015-09-21,3.094493266799687,itrc,3x3,et,
2015-09-21_8,D04,2015-09-21T00:00:00,2015-09-21,5.205498675609343,itrc,3x3,et,
2015-09-21_9,D06,2015-09-21T00:00:00,2015-09-21,0.3006696940528108,itrc,3x3,et,
2015-09-21_11,D10,2015-09-21T00:00:00,2015-09-21,6.834505259262537,itrc,3x3,et,
2015-09-21_10,D09,2015-09-21T00:00:00,2015-09-21,1.2208381732616955,itrc,3x3,et,
2015-09-21_12,D13,2015-09-21T00:00:00,2015-09-21,4.435234673984388,itrc,3x3,et,
2015-09-21_13,D01,2015-09-21T00:00:00,2015-09-21,0.4858190907233673,itrc,3x3,et,
2015-09-21_14,D05,2015-09-21T00:00:00,2015-09-21,5.104526577195572,itrc,3x3,et,
2015-09-21_6,D07,2015-09-21T00:00:00,2015-09-21,7.267667463728688,itrc,3x3,et,
2015-09-21_7,D08,2015-09-21T00:00:00,2015-09-21,1.6230853709666935,itrc,3x3,et,
2015-09-21_2,D03,2015-09-21T00:00:00,2015-09-21,5.32115394865239,itrc,3x3,et,
2015-09-21_3,D11,2015-09-21T00:00:00,2015-09-21,-0.7188353933797041,itrc,3x3,et,
2015-09-21_1,D02,2015-09-21T00:00:00,2015-09-21,6.411011197804156,itrc,3x3,et,
2015-10-31_4,D12,2015-10-31T00:00:00,2015-10-31,1.2675413747836575,itrc,3x3,et,
2015-10-31_5,D14,2015-10-31T00:00:00,2015-10-31,2.01942984049857,itrc,3x3,et,
2015-10-31_8,D04,2015-10-31T00:00:00,2015-10-31,1.8960890613405283,itrc,3x3,et,
2015-10-31_9,D06,2015-10-31T00:00:00,2015-10-31,0.35696017662840157,itrc,3x3,et,
2015-10-31_11,D10,2015-10-31T00:00:00,2015-10-31,2.415889706183062,itrc,3x3,et,
2015-10-31_10,D09,2015-10-31T00:00:00,2015-10-31,5.314784433101068,itrc,3x3,et,
2015-10-31_12,D13,2015-10-31T00:00:00,2015-10-31,0.6612944362675334,itrc,3x3,et,
2015-10-31_13,D01,2015-10-31T00:00:00,2015-10-31,2.2192694419965693,itrc,3x3,et,
2015-10-31_14,D05,2015-10-31T00:00:00,2015-10-31,2.0596691969697596,itrc,3x3,et,
2015-10-31_6,D07,2015-10-31T00:00:00,2015-10-31,2.708777256661061,itrc,3x3,et,
2015-10-31_7,D08,2015-10-31T00:00:00,2015-10-31,0.04198123436798236,itrc,3x3,et,
2015-10-31_2,D03,2015-10-31T00:00:00,2015-10-31,1.7389632848336851,itrc,3x3,et,
2015-10-31_3,D11,2015-10-31T00:00:00,2015-10-31,0.16764405118459982,itrc,3x3,et,
2015-10-31_1,D02,2015-10-31T00:00:00,2015-10-31,2.228760381851729,itrc,3x3,et,
2015-11-16_4,D12,2015-11-16T00:00:00,2015-11-16,-0.7135457314069774,itrc,3x3,et,
2015-11-16_5,D14,2015-11-16T00:00:00,2015-11-16,-0.5020402097005079,itrc,3x3,et,
2015-11-16_8,D04,2015-11-16T00:00:00,2015-11-16,-0.6720331798049167,itrc,3x3,et,
2015-11-16_9,D06,2015-11-16T00:00:00,2015-11-16,-0.01767387528242267,itrc,3x3,et,
2015-11-16_11,D10,2015-11-16T00:00:00,2015-11-16,2.0480806117594548,itrc,3x3,et,
2015-11-16_10,D09,2015-11-16T00:00:00,2015-11-16,2.4190850267755635,itrc,3x3,et,
2015-11-16_12,D13,2015-11-16T00:00:00,2015-11-16,1.3494366300771787,itrc,3x3,et,
2015-11-16_13,D01,2015-11-16T00:00:00,2015-11-16,1.1615164437271124,itrc,3x3,et,
2015-11-16_14,D05,2015-11-16T00:00:00,2015-11-16,1.3615423442753614,itrc,3x3,et,
2015-11-16_6,D07,2015-11-16T00:00:00,2015-11-16,3.0291310255440114,itrc,3x3,et,
2015-11-16_7,D08,2015-11-16T00:00:00,2015-11-16,0.4464654385666469,itrc,3x3,et,
2015-11-16_2,D03,2015-11-16T00:00:00,2015-11-16,-0.3252269820835162,itrc,3x3,et,
2015-11-16_3,D11,2015-11-16T00:00:00,2015-11-16,0.03216034614190095,itrc,3x3,et,
2015-11-16_1,D02,2015-11-16T00:00:00,2015-11-16,2.8513613881032924,itrc,3x3,et,
2015-12-26_4,D12,2015-12-26T00:00:00,2015-12-26,0.0032608911521443463,itrc,3x3,et,
2015-12-26_5,D14,2015-12-26T00:00:00,2015-12-26,-0.20363739431294473,itrc,3x3,et,
2015-12-26_8,D04,2015-12-26T00:00:00,2015-12-26,-0.45563720387730094,itrc,3x3,et,
2015-12-26_9,D06,2015-12-26T00:00:00,2015-12-26,-0.42526706163145694,itrc,3x3,et,
2015-12-26_11,D10,2015-12-26T00:00:00,2015-12-26,-0.5514718480603232,itrc,3x3,et,
2015-12-26_10,D09,2015-12-26T00:00:00,2015-12-26,1.3285997290989908,itrc,3x3,et,
2015-12-26_12,D13,2015-12-26T00:00:00,2015-12-26,-0.2310972952431825,itrc,3x3,et,
2015-12-26_13,D01,2015-12-26T00:00:00,2015-12-26,-0.11628381734353085,itrc,3x3,et,
2015-12-26_14,D05,2015-12-26T00:00:00,2015-12-26,16.905862095884416,itrc,3x3,et,
2015-12-26_6,D07,2015-12-26T00:00:00,2015-12-26,-0.028398461152277694,itrc,3x3,et,
2015-12-26_7,D08,2015-12-26T00:00:00,2015-12-26,1.2742523080287387,itrc,3x3,et,
2015-12-26_2,D03,2015-12-26T00:00:00,2015-12-26,-0.4301505358320828,itrc,3x3,et,
2015-12-26_3,D11,2015-12-26T00:00:00,2015-12-26,0.31290989060663527,itrc,3x3,et,
2015-12-26_1,D02,2015-12-26T00:00:00,2015-12-26,0.37874758398618685,itrc,3x3,et,
2016-03-15_4,D12,2016-03-15T00:00:00,2016-03-15,1.1375825822509398,itrc,3x3,et,
2016-03-15_5,D14,2016-03-15T00:00:00,2016-03-15,0.314735579845637,itrc,3x3,et,
2016-03-15_8,D04,2016-03-15T00:00:00,2016-03-15,0.9253703478210158,itrc,3x3,et,
2016-03-15_9,D06,2016-03-15T00:00:00,2016-03-15,0.9421527567880318,itrc,3x3,et,
2016-03-15_11,D10,2016-03-15T00:00:00,2016-03-15,3.265060343979541,itrc,3x3,et,
2016-03-15_10,D09,2016-03-15T00:00:00,2016-03-15,5.9586325234767665,itrc,3x3,et,
2016-03-15_12,D13,2016-03-15T00:00:00,2016-03-15,2.616353743155382,itrc,3x3,et,
2016-03-15_13,D01,2016-03-15T00:00:00,2016-03-15,2.018734216325987,itrc,3x3,et,
2016-03-15_14,D05,2016-03-15T00:00:00,2016-03-15,8.232061067176742,itrc,3x3,et,
2016-03-15_6,D07,2016-03-15T00:00:00,2016-03-15,2.4008152464089387,itrc,3x3,et,
2016-03-15_7,D08,2016-03-15T00:00:00,2016-03-15,4.931031332356144,itrc,3x3,et,
2016-03-15_2,D03,2016-03-15T00:00:00,2016-03-15,2.881846029616984,itrc,3x3,et,
2016-03-15_3,D11,2016-03-15T00:00:00,2016-03-15,13.36804195182694,itrc,3x3,et,
2016-03-15_1,D02,2016-03-15T00:00:00,2016-03-15,2.9235523701962376,itrc,3x3,et,
2016-03-31_4,D12,2016-03-31T00:00:00,2016-03-31,2.876773199797926,itrc,3x3,et,
2016-03-31_5,D14,2016-03-31T00:00:00,2016-03-31,3.4253278712743667,itrc,3x3,et,
2016-03-31_8,D04,2016-03-31T00:00:00,2016-03-31,2.9121193006816757,itrc,3x3,et,
2016-03-31_9,D06,2016-03-31T00:00:00,2016-03-31,0.536995613274618,itrc,3x3,et,
2016-03-31_11,D10,2016-03-31T00:00:00,2016-03-31,1.2201955044352781,itrc,3x3,et,
2016-03-31_10,D09,2016-03-31T00:00:00,2016-03-31,6.410515622318728,itrc,3x3,et,
2016-03-31_12,D13,2016-03-31T00:00:00,2016-03-31,1.3835728725525724,itrc,3x3,et,
2016-03-31_13,D01,2016-03-31T00:00:00,2016-03-31,0.9906090098525843,itrc,3x3,et,
2016-03-31_14,D05,2016-03-31T00:00:00,2016-03-31,19.56389697143129,itrc,3x3,et,
2016-03-31_6,D07,2016-03-31T00:00:00,2016-03-31,4.5623462691148955,itrc,3x3,et,
2016-03-31_7,D08,2016-03-31T00:00:00,2016-03-31,2.5098712735567217,itrc,3x3,et,
2016-03-31_2,D03,2016-03-31T00:00:00,2016-03-31,3.9345935803641416,itrc,3x3,et,
2016-03-31_3,D11,2016-03-31T00:00:00,2016-03-31,2.6159283166156393,itrc,3x3,et,
2016-03-31_1,D02,2016-03-31T00:00:00,2016-03-31,4.556010347594351,itrc,3x3,et,
2016-04-16_4,D12,2016-04-16T00:00:00,2016-04-16,4.312292948651273,itrc,3x3,et,
2016-04-16_5,D14,2016-04-16T00:00:00,2016-04-16,5.393109879776655,itrc,3x3,et,
2016-04-16_8,D04,2016-04-16T00:00:00,2016-04-16,4.282486368848392,itrc,3x3,et,
2016-04-16_9,D06,2016-04-16T00:00:00,2016-04-16,2.941795227831364,itrc,3x3,et,
2016-04-16_11,D10,2016-04-16T00:00:00,2016-04-16,6.24040448457575,itrc,3x3,et,
2016-04-16_10,D09,2016-04-16T00:00:00,2016-04-16,6.906983091777118,itrc,3x3,et,
2016-04-16_12,D13,2016-04-16T00:00:00,2016-04-16,5.544871026724838,itrc,3x3,et,
2016-04-16_13,D01,2016-04-16T00:00:00,2016-04-16,3.0000072198596515,itrc,3x3,et,
2016-04-16_14,D05,2016-04-16T00:00:00,2016-04-16,18.660414022508927,itrc,3x3,et,
2016-04-16_6,D07,2016-04-16T00:00:00,2016-04-16,6.142086383143853,itrc,3x3,et,
2016-04-16_7,D08,2016-04-16T00:00:00,2016-04-16,4.297859312768175,itrc,3x3,et,
2016-04-16_2,D03,2016-04-16T00:00:00,2016-04-16,5.1273287686585975,itrc,3x3,et,
2016-04-16_3,D11,2016-04-16T00:00:00,2016-04-16,0.24010478317035433,itrc,3x3,et,
2016-04-16_1,D02,2016-04-16T00:00:00,2016-04-16,4.590519195035699,itrc,3x3,et,
2016-05-10_4,D12,2016-05-10T00:00:00,2016-05-10,4.701216575154876,itrc,3x3,et,
2016-05-10_5,D14,2016-05-10T00:00:00,2016-05-10,5.998287463479436,itrc,3x3,et,
2016-05-10_8,D04,2016-05-10T00:00:00,2016-05-10,5.793425090858035,itrc,3x3,et,
2016-05-10_9,D06,2016-05-10T00:00:00,2016-05-10,1.4643068161206307,itrc,3x3,et,
2016-05-10_11,D10,2016-05-10T00:00:00,2016-05-10,4.14859730390146,itrc,3x3,et,
2016-05-10_10,D09,2016-05-10T00:00:00,2016-05-10,3.7973309941524827,itrc,3x3,et,
2016-05-10_12,D13,2016-05-10T00:00:00,2016-05-10,3.967916189271951,itrc,3x3,et,
2016-05-10_13,D01,2016-05-10T00:00:00,2016-05-10,2.833211723838594,itrc,3x3,et,
2016-05-10_14,D05,2016-05-10T00:00:00,2016-05-10,5.743318766823614,itrc,3x3,et,
2016-05-10_6,D07,2016-05-10T00:00:00,2016-05-10,6.951188039405185,itrc,3x3,et,
2016-05-10_7,D08,2016-05-10T00:00:00,2016-05-10,5.275564316055538,itrc,3x3,et,
2016-05-10_2,D03,2016-05-10T00:00:00,2016-05-10,6.070477361870478,itrc,3x3,et,
2016-05-10_3,D11,2016-05-10T00:00:00,2016-05-10,0.7644258746405963,itrc,3x3,et,
2016-05-10_1,D02,2016-05-10T00:00:00,2016-05-10,3.6707306089201523,itrc,3x3,et,
2016-05-26_4,D12,2016-05-26T00:00:00,2016-05-26,4.414167562288349,itrc,3x3,et,
2016-05-26_5,D14,2016-05-26T00:00:00,2016-05-26,6.844851056526679,itrc,3x3,et,
2016-05-26_8,D04,2016-05-26T00:00:00,2016-05-26,6.376843379014034,itrc,3x3,et,
2016-05-26_9,D06,2016-05-26T00:00:00,2016-05-26,0.8223531796722098,itrc,3x3,et,
2016-05-26_11,D10,2016-05-26T00:00:00,2016-05-26,7.0592938584599,itrc,3x3,et,
2016-05-26_10,D09,2016-05-26T00:00:00,2016-05-26,1.4693504593239202,itrc,3x3,et,
2016-05-26_12,D13,2016-05-26T00:00:00,2016-05-26,5.66333204913514,itrc,3x3,et,
2016-05-26_13,D01,2016-05-26T00:00:00,2016-05-26,4.121925731187924,itrc,3x3,et,
2016-05-26_14,D05,2016-05-26T00:00:00,2016-05-26,5.681257258118968,itrc,3x3,et,
2016-05-26_6,D07,2016-05-26T00:00:00,2016-05-26,6.624187234600594,itrc,3x3,et,
2016-05-26_7,D08,2016-05-26T00:00:00,2016-05-26,1.0193720917375095,itrc,3x3,et,
2016-05-26_2,D03,2016-05-26T00:00:00,2016-05-26,7.01699786265275,itrc,3x3,et,
2016-05-26_3,D11,2016-05-26T00:00:00,2016-05-26,3.440935606419728,itrc,3x3,et,
2016-05-26_1,D02,2016-05-26T00:00:00,2016-05-26,6.498809222775606,itrc,3x3,et,
2016-06-27_4,D12,2016-06-27T00:00:00,2016-06-27,4.573464204399583,itrc,3x3,et,
2016-06-27_5,D14,2016-06-27T00:00:00,2016-06-27,8.101111656292156,itrc,3x3,et,
2016-06-27_8,D04,2016-06-27T00:00:00,2016-06-27,9.854932701816528,itrc,3x3,et,
2016-06-27_9,D06,2016-06-27T00:00:00,2016-06-27,9.636819140865336,itrc,3x3,et,
2016-06-27_11,D10,2016-06-27T00:00:00,2016-06-27,8.947756075318157,itrc,3x3,et,
2016-06-27_10,D09,2016-06-27T00:00:00,2016-06-27,1.7421318789843288,itrc,3x3,et,
2016-06-27_12,D13,2016-06-27T00:00:00,2016-06-27,7.504874484909351,itrc,3x3,et,
2016-06-27_13,D01,2016-06-27T00:00:00,2016-06-27,10.748228760081856,itrc,3x3,et,
2016-06-27_14,D05,2016-06-27T00:00:00,2016-06-27,8.695420447860506,itrc,3x3,et,
2016-06-27_6,D07,2016-06-27T00:00:00,2016-06-27,8.995125319113075,itrc,3x3,et,
2016-06-27_7,D08,2016-06-27T00:00:00,2016-06-27,3.4215416628444806,itrc,3x3,et,
2016-06-27_2,D03,2016-06-27T00:00:00,2016-06-27,9.884663623456973,itrc,3x3,et,
2016-06-27_3,D11,2016-06-27T00:00:00,2016-06-27,10.265902234205612,itrc,3x3,et,
2016-06-27_1,D02,2016-06-27T00:00:00,2016-06-27,8.062811862735849,itrc,3x3,et,
2016-07-13_4,D12,2016-07-13T00:00:00,2016-07-13,3.9239250922910425,itrc,3x3,et,
2016-07-13_5,D14,2016-07-13T00:00:00,2016-07-13,2.6208683134789665,itrc,3x3,et,
2016-07-13_8,D04,2016-07-13T00:00:00,2016-07-13,7.898639042964159,itrc,3x3,et,
2016-07-13_9,D06,2016-07-13T00:00:00,2016-07-13,8.711887284723254,itrc,3x3,et,
2016-07-13_11,D10,2016-07-13T00:00:00,2016-07-13,3.966725184655315,itrc,3x3,et,
2016-07-13_10,D09,2016-07-13T00:00:00,2016-07-13,6.406912683192349,itrc,3x3,et,
2016-07-13_12,D13,2016-07-13T00:00:00,2016-07-13,3.867664983031222,itrc,3x3,et,
2016-07-13_13,D01,2016-07-13T00:00:00,2016-07-13,9.54053932251523,itrc,3x3,et,
2016-07-13_14,D05,2016-07-13T00:00:00,2016-07-13,6.214882242325921,itrc,3x3,et,
2016-07-13_6,D07,2016-07-13T00:00:00,2016-07-13,9.199159749515395,itrc,3x3,et,
2016-07-13_7,D08,2016-07-13T00:00:00,2016-07-13,7.471461250103789,itrc,3x3,et,
2016-07-13_2,D03,2016-07-13T00:00:00,2016-07-13,7.640490078385174,itrc,3x3,et,
2016-07-13_3,D11,2016-07-13T00:00:00,2016-07-13,8.437125457102926,itrc,3x3,et,
2016-07-13_1,D02,2016-07-13T00:00:00,2016-07-13,2.727162030250823,itrc,3x3,et,
2016-07-29_4,D12,2016-07-29T00:00:00,2016-07-29,5.734186283997009,itrc,3x3,et,
2016-07-29_5,D14,2016-07-29T00:00:00,2016-07-29,5.678666179924946,itrc,3x3,et,
2016-07-29_8,D04,2016-07-29T00:00:00,2016-07-29,9.372824751685844,itrc,3x3,et,
2016-07-29_9,D06,2016-07-29T00:00:00,2016-07-29,9.45911550480242,itrc,3x3,et,
2016-07-29_11,D10,2016-07-29T00:00:00,2016-07-29,7.7528179199491705,itrc,3x3,et,
2016-07-29_10,D09,2016-07-29T00:00:00,2016-07-29,8.215759872766068,itrc,3x3,et,
2016-07-29_12,D13,2016-07-29T00:00:00,2016-07-29,6.539136969398247,itrc,3x3,et,
2016-07-29_13,D01,2016-07-29T00:00:00,2016-07-29,9.400151471192927,itrc,3x3,et,
2016-07-29_14,D05,2016-07-29T00:00:00,2016-07-29,6.829795164379568,itrc,3x3,et,
2016-07-29_6,D07,2016-07-29T00:00:00,2016-07-29,8.043257604094702,itrc,3x3,et,
2016-07-29_7,D08,2016-07-29T00:00:00,2016-07-29,9.111306235844348,itrc,3x3,et,
2016-07-29_2,D03,2016-07-29T00:00:00,2016-07-29,7.755210682775754,itrc,3x3,et,
2016-07-29_3,D11,2016-07-29T00:00:00,2016-07-29,8.306349204680894,itrc,3x3,et,
2016-07-29_1,D02,2016-07-29T00:00:00,2016-07-29,7.207686564061031,itrc,3x3,et,
2016-08-14_4,D12,2016-08-14T00:00:00,2016-08-14,5.083158115857977,itrc,3x3,et,
2016-08-14_5,D14,2016-08-14T00:00:00,2016-08-14,2.5154570196519557,itrc,3x3,et,
2016-08-14_8,D04,2016-08-14T00:00:00,2016-08-14,8.857351477441576,itrc,3x3,et,
2016-08-14_9,D06,2016-08-14T00:00:00,2016-08-14,8.356430349549699,itrc,3x3,et,
2016-08-14_11,D10,2016-08-14T00:00:00,2016-08-14,5.11938072020679,itrc,3x3,et,
2016-08-14_10,D09,2016-08-14T00:00:00,2016-08-14,7.884168901368587,itrc,3x3,et,
2016-08-14_12,D13,2016-08-14T00:00:00,2016-08-14,1.917185525879602,itrc,3x3,et,
2016-08-14_13,D01,2016-08-14T00:00:00,2016-08-14,8.52718887820086,itrc,3x3,et,
2016-08-14_14,D05,2016-08-14T00:00:00,2016-08-14,5.909339726491334,itrc,3x3,et,
2016-08-14_6,D07,2016-08-14T00:00:00,2016-08-14,5.84619878453526,itrc,3x3,et,
2016-08-14_7,D08,2016-08-14T00:00:00,2016-08-14,8.82087291181608,itrc,3x3,et,
2016-08-14_2,D03,2016-08-14T00:00:00,2016-08-14,6.657127094726497,itrc,3x3,et,
2016-08-14_3,D11,2016-08-14T00:00:00,2016-08-14,7.028766501012275,itrc,3x3,et,
2016-08-14_1,D02,2016-08-14T00:00:00,2016-08-14,4.739983059972994,itrc,3x3,et,
2016-08-30_4,D12,2016-08-30T00:00:00,2016-08-30,4.709565560439079,itrc,3x3,et,
2016-08-30_5,D14,2016-08-30T00:00:00,2016-08-30,6.830117184870324,itrc,3x3,et,
2016-08-30_8,D04,2016-08-30T00:00:00,2016-08-30,7.821385234022225,itrc,3x3,et,
2016-08-30_9,D06,2016-08-30T00:00:00,2016-08-30,6.474403796187665,itrc,3x3,et,
2016-08-30_11,D10,2016-08-30T00:00:00,2016-08-30,6.091590605689178,itrc,3x3,et,
2016-08-30_10,D09,2016-08-30T00:00:00,2016-08-30,7.038298639535489,itrc,3x3,et,
2016-08-30_12,D13,2016-08-30T00:00:00,2016-08-30,4.955345707101973,itrc,3x3,et,
2016-08-30_13,D01,2016-08-30T00:00:00,2016-08-30,6.044911800462747,itrc,3x3,et,
2016-08-30_14,D05,2016-08-30T00:00:00,2016-08-30,4.78503514105945,itrc,3x3,et,
2016-08-30_6,D07,2016-08-30T00:00:00,2016-08-30,7.355683194405123,itrc,3x3,et,
2016-08-30_7,D08,2016-08-30T00:00:00,2016-08-30,7.851757647063304,itrc,3x3,et,
2016-08-30_2,D03,2016-08-30T00:00:00,2016-08-30,6.949293238954397,itrc,3x3,et,
2016-08-30_3,D11,2016-08-30T00:00:00,2016-08-30,7.9361622932693745,itrc,3x3,et,
2016-08-30_1,D02,2016-08-30T00:00:00,2016-08-30,5.585355303882513,itrc,3x3,et,
2016-09-15_4,D12,2016-09-15T00:00:00,2016-09-15,3.257154200401606,itrc,3x3,et,
2016-09-15_5,D14,2016-09-15T00:00:00,2016-09-15,4.2353925671669,itrc,3x3,et,
2016-09-15_8,D04,2016-09-15T00:00:00,2016-09-15,6.028639949221055,itrc,3x3,et,
2016-09-15_9,D06,2016-09-15T00:00:00,2016-09-15,5.818368456542597,itrc,3x3,et,
2016-09-15_11,D10,2016-09-15T00:00:00,2016-09-15,3.3987048815474257,itrc,3x3,et,
2016-09-15_10,D09,2016-09-15T00:00:00,2016-09-15,6.161705385119922,itrc,3x3,et,
2016-09-15_12,D13,2016-09-15T00:00:00,2016-09-15,4.624215589871998,itrc,3x3,et,
2016-09-15_13,D01,2016-09-15T00:00:00,2016-09-15,5.255428993681131,itrc,3x3,et,
2016-09-15_14,D05,2016-09-15T00:00:00,2016-09-15,5.045361541120588,itrc,3x3,et,
2016-09-15_6,D07,2016-09-15T00:00:00,2016-09-15,6.518056780463947,itrc,3x3,et,
2016-09-15_7,D08,2016-09-15T00:00:00,2016-09-15,5.810784543371952,itrc,3x3,et,
2016-09-15_2,D03,2016-09-15T00:00:00,2016-09-15,5.122849446316664,itrc,3x3,et,
2016-09-15_3,D11,2016-09-15T00:00:00,2016-09-15,5.086019760651116,itrc,3x3,et,
2016-09-15_1,D02,2016-09-15T00:00:00,2016-09-15,2.838346378237374,itrc,3x3,et,
2016-10-01_4,D12,2016-10-01T00:00:00,2016-10-01,2.6266437595219307,itrc,3x3,et,
2016-10-01_5,D14,2016-10-01T00:00:00,2016-10-01,1.9007449623905972,itrc,3x3,et,
2016-10-01_8,D04,2016-10-01T00:00:00,2016-10-01,4.382456696054283,itrc,3x3,et,
2016-10-01_9,D06,2016-10-01T00:00:00,2016-10-01,4.264053782451424,itrc,3x3,et,
2016-10-01_11,D10,2016-10-01T00:00:00,2016-10-01,4.175487354371769,itrc,3x3,et,
2016-10-01_10,D09,2016-10-01T00:00:00,2016-10-01,4.890163866429222,itrc,3x3,et,
2016-10-01_12,D13,2016-10-01T00:00:00,2016-10-01,3.8538257376685827,itrc,3x3,et,
2016-10-01_13,D01,2016-10-01T00:00:00,2016-10-01,0.8786603870816256,itrc,3x3,et,
2016-10-01_14,D05,2016-10-01T00:00:00,2016-10-01,4.021478456456416,itrc,3x3,et,
2016-10-01_6,D07,2016-10-01T00:00:00,2016-10-01,4.050576200868032,itrc,3x3,et,
2016-10-01_7,D08,2016-10-01T00:00:00,2016-10-01,1.2351055326262073,itrc,3x3,et,
2016-10-01_2,D03,2016-10-01T00:00:00,2016-10-01,3.99024675445823,itrc,3x3,et,
2016-10-01_3,D11,2016-10-01T00:00:00,2016-10-01,0.511306839762662,itrc,3x3,et,
2016-10-01_1,D02,2016-10-01T00:00:00,2016-10-01,3.351067445561109,itrc,3x3,et,
2016-11-18_4,D12,2016-11-18T00:00:00,2016-11-18,0.2819060594636629,itrc,3x3,et,
2016-11-18_5,D14,2016-11-18T00:00:00,2016-11-18,1.6962702598351251,itrc,3x3,et,
2016-11-18_8,D04,2016-11-18T00:00:00,2016-11-18,0.7254508332354239,itrc,3x3,et,
2016-11-18_9,D06,2016-11-18T00:00:00,2016-11-18,0.049787142185614586,itrc,3x3,et,
2016-11-18_11,D10,2016-11-18T00:00:00,2016-11-18,1.5452066608436448,itrc,3x3,et,
2016-11-18_10,D09,2016-11-18T00:00:00,2016-11-18,2.411019050222001,itrc,3x3,et,
2016-11-18_12,D13,2016-11-18T00:00:00,2016-11-18,-0.054536357096983144,itrc,3x3,et,
2016-11-18_13,D01,2016-11-18T00:00:00,2016-11-18,0.03528035935144515,itrc,3x3,et,
2016-11-18_14,D05,2016-11-18T00:00:00,2016-11-18,1.063632442585045,itrc,3x3,et,
2016-11-18_6,D07,2016-11-18T00:00:00,2016-11-18,0.480868204869005,itrc,3x3,et,
2016-11-18_7,D08,2016-11-18T00:00:00,2016-11-18,0.026432351919498956,itrc,3x3,et,
2016-11-18_2,D03,2016-11-18T00:00:00,2016-11-18,1.1942144167880948,itrc,3x3,et,
2016-11-18_3,D11,2016-11-18T00:00:00,2016-11-18,0.038451081621306206,itrc,3x3,et,
2016-11-18_1,D02,2016-11-18T00:00:00,2016-11-18,1.7004066455010558,itrc,3x3,et,
