"stationName","date","Rn_Avg_qc_mm","Rn_Avg_qc_count","Rn_Avg_gf_mm","Rn_Avg_gf_count","Rn_Avg_qc_mm_Dqc","Rn_Avg_gf_mm_Dqc","Rn_Avg_gf_mm_Dgf","Tc_H_qc_mm","Tc_H_gf_mm","Tc_aH_qc_mm","Tc_aH_qc_count","Tc_aH_gf_mm","Tc_aH_gf_count","Tc_aH_qc_mm_Dqc","Tc_aH_gf_mm_Dqc","Tc_aH_gf_mm_Dgf","ET_Tc_aH_qc_Dqc","ET_Tc_aH_gf_Dqc","ET_Tc_aH_qc_Dgf","ET_Tc_aH_gf_Dgf","ET_Tc_aH_gf_Dgf2","Tn_H_qc_mm","Tn_H_gf_mm","Tn_aH_qc_mm","Tn_aH_qc_count","Tn_aH_gf_mm","Tn_aH_gf_count","Tn_aH_qc_mm_Dqc","Tn_aH_gf_mm_Dqc","Tn_aH_gf_mm_Dgf","ET_Tn_aH_qc_Dqc","ET_Tn_aH_gf_Dqc","ET_Tn_aH_qc_Dgf","ET_Tn_aH_gf_Dgf","ET_Tn_aH_gf_Dgf2","SR_aH_qc_mm","SR_aH_qc_count","SR_aH_gf_mm","SR_aH_gf_count","SR_aH_qc_mm_Dqc","SR_aH_gf_mm_Dqc","ET_SR_aH_qc_Dqc","ET_SR_aH_gf_Dqc","SR_aH_gf_mm_Dgf","ET_SR_aH_qc_Dgf","ET_SR_aH_gf_Dgf","ET_SR_aH_gf_Dgf2","ETo_mm","Ka_Tc","Ka_Tn","Ka_SR"
"D04_Jersey_Pasture","2016-06-08",4.1264672895252,25,4.1264672895252,25,NA,NA,NA,NA,NA,NA,22,NA,24,NA,NA,NA,NA,NA,NA,NA,NA,NA,1.81069864636794,NA,23,1.29015669421773,25,NA,NA,NA,NA,NA,NA,NA,NA,1.30703716998917,25,1.2877283527064,25,NA,NA,NA,NA,NA,NA,NA,NA,6.09,NA,NA,NA
"D04_Jersey_Pasture","2016-06-09",5.94820483212798,48,5.94820483212798,48,5.94820483212798,5.94820483212798,5.94820483212798,NA,3.47587045853127,NA,42,2.52559748265449,48,NA,2.52559748265449,2.52559748265449,NA,3.4226073494735,3.4226073494735,3.4226073494735,3.4226073494735,NA,3.77284080746456,NA,41,2.70527029725681,48,NA,2.70527029725681,2.70527029725681,NA,3.24293453487117,3.24293453487117,3.24293453487117,3.24293453487117,NA,46,2.61543388995565,48,NA,2.61543388995565,NA,3.33277094217233,2.61543388995565,3.33277094217233,3.33277094217233,3.33277094217233,5.84,0.586062902307105,0.555297009395748,0.570679955851427
"D04_Jersey_Pasture","2016-06-10",5.78003632803774,48,5.78003632803774,48,5.78003632803774,5.78003632803774,5.78003632803774,NA,NA,NA,36,NA,40,NA,NA,1.43504835351661,NA,NA,NA,4.34498797452113,4.34498797452113,NA,2.13499872992104,NA,38,1.67252016820217,48,NA,1.67252016820217,1.67252016820217,NA,4.10751615983557,4.10751615983557,4.10751615983557,4.10751615983557,NA,39,1.66659490228276,48,NA,1.66659490228276,NA,4.11344142575498,1.66659490228276,4.11344142575498,4.11344142575498,4.11344142575498,6.33,NA,0.648896707714939,0.649832768681671
"D04_Jersey_Pasture","2016-06-11",5.76596326561704,48,5.76596326561704,48,5.76596326561704,5.76596326561704,5.76596326561704,NA,0.0997881327379125,NA,45,0.344499224378728,48,NA,0.344499224378728,0.344499224378728,NA,5.42146404123831,5.42146404123831,5.42146404123831,5.42146404123831,NA,0.341584709194892,NA,44,0.494286610537164,48,NA,0.494286610537164,0.494286610537164,NA,5.27167665507988,5.27167665507988,5.27167665507988,5.27167665507988,NA,45,0.419392697969728,48,NA,0.419392697969728,NA,5.34657056764731,0.419392697969728,5.34657056764731,5.34657056764731,5.34657056764731,6.62,0.818952272090379,0.796325778712972,0.807639058556996
"D04_Jersey_Pasture","2016-06-12",5.970086221743,48,5.970086221743,48,5.970086221743,5.970086221743,5.970086221743,NA,2.95202159691948,NA,36,2.12145075635442,48,NA,2.12145075635442,2.12145075635442,NA,3.84863546538858,3.84863546538858,3.84863546538858,3.84863546538858,NA,2.71769082463274,NA,35,1.95307266511986,48,NA,1.95307266511986,1.95307266511986,NA,4.01701355662314,4.01701355662314,4.01701355662314,4.01701355662314,NA,41,2.03726171073714,48,NA,2.03726171073714,NA,3.93282451100586,2.03726171073714,3.93282451100586,3.93282451100586,3.93282451100586,6.58,0.58489900689796,0.610488382465523,0.597693694681741
"D04_Jersey_Pasture","2016-06-13",6.11099758065924,48,6.11099758065924,48,6.11099758065924,6.11099758065924,6.11099758065924,NA,3.74181306874533,NA,41,2.60444747952116,48,NA,2.60444747952116,2.60444747952116,NA,3.50655010113808,3.50655010113808,3.50655010113808,3.50655010113808,NA,3.44386496940554,NA,38,2.41534144350235,48,NA,2.41534144350235,2.41534144350235,NA,3.69565613715689,3.69565613715689,3.69565613715689,3.69565613715689,NA,46,2.50989446151175,48,NA,2.50989446151175,NA,3.60110311914749,2.50989446151175,3.60110311914749,3.60110311914749,3.60110311914749,6.27,0.559258389336218,0.589418841651817,0.574338615494017
"D04_Jersey_Pasture","2016-06-14",5.51766683634858,48,5.51766683634858,48,5.51766683634858,5.51766683634858,5.51766683634858,3.02457343344718,3.02457343344718,2.20972009887656,48,2.20972009887656,48,2.20972009887656,2.20972009887656,2.20972009887656,3.30794673747202,3.30794673747202,3.30794673747202,3.30794673747202,3.30794673747202,2.7882651912381,2.7882651912381,2.05168047352627,48,2.05168047352627,48,2.05168047352627,2.05168047352627,2.05168047352627,3.46598636282231,3.46598636282231,3.46598636282231,3.46598636282231,3.46598636282231,2.13070028620142,48,2.13070028620142,48,2.13070028620142,2.13070028620142,3.38696655014716,3.38696655014716,2.13070028620142,3.38696655014716,3.38696655014716,3.38696655014716,6.19,0.534401734648145,0.559933176546414,0.54716745559728
"D04_Jersey_Pasture","2016-06-15",5.613282109782,48,5.613282109782,48,5.613282109782,5.613282109782,5.613282109782,3.26326561439654,3.26326561439654,2.3106385707776,48,2.3106385707776,48,2.3106385707776,2.3106385707776,2.3106385707776,3.3026435390044,3.3026435390044,3.3026435390044,3.3026435390044,3.3026435390044,NA,3.27424273660069,NA,47,2.31442235474648,48,NA,2.31442235474648,2.31442235474648,NA,3.29885975503552,3.29885975503552,3.29885975503552,3.29885975503552,2.31338569446276,48,2.31253046276204,48,2.31338569446276,2.31253046276204,3.29989641531924,3.30075164701996,2.31253046276204,3.30075164701996,3.30075164701996,3.30075164701996,5.28,0.625500670265985,0.624784044514303,0.625142357390144
"D04_Jersey_Pasture","2016-06-16",5.59575010829178,48,5.59575010829178,48,5.59575010829178,5.59575010829178,5.59575010829178,NA,1.32759009991125,NA,46,0.972815709233828,48,NA,0.972815709233828,0.972815709233828,NA,4.62293439905795,4.62293439905795,4.62293439905795,4.62293439905795,1.07405204921595,1.07405204921595,0.807333684386081,48,0.807333684386081,48,0.807333684386081,0.807333684386081,0.807333684386081,4.7884164239057,4.7884164239057,4.7884164239057,4.7884164239057,4.7884164239057,0.889330285510772,48,0.890067306918643,48,0.889330285510772,0.890067306918643,4.70641982278101,4.70568280137314,0.890067306918643,4.70568280137314,4.70568280137314,4.70568280137314,5.21,0.887319462391162,0.919081847198791,0.903202073200218
"D04_Jersey_Pasture","2016-06-17",5.2132522798611,48,5.2132522798611,48,5.2132522798611,5.2132522798611,5.2132522798611,2.86870000191614,2.86870000191614,1.98057686931308,48,1.98057686931308,48,1.98057686931308,1.98057686931308,1.98057686931308,3.23267541054802,3.23267541054802,3.23267541054802,3.23267541054802,3.23267541054802,NA,3.04899012726066,NA,47,2.09822352703259,48,NA,2.09822352703259,2.09822352703259,NA,3.11502875282851,3.11502875282851,3.11502875282851,3.11502875282851,2.02783839723099,48,2.03940019817283,48,2.02783839723099,2.03940019817283,3.18541388263011,3.17385208168827,2.03940019817283,3.17385208168827,3.17385208168827,3.17385208168827,4.88,0.662433485768037,0.638325564104204,0.650379524936121
"D04_Jersey_Pasture","2016-06-18",6.2025139966014,48,6.2025139966014,48,6.2025139966014,6.2025139966014,6.2025139966014,3.39824193302152,3.39824193302152,2.35796567741484,48,2.35796567741484,48,2.35796567741484,2.35796567741484,2.35796567741484,3.84454831918656,3.84454831918656,3.84454831918656,3.84454831918656,3.84454831918656,NA,3.15671675267078,NA,47,2.20705659379421,48,NA,2.20705659379421,2.20705659379421,NA,3.99545740280719,3.99545740280719,3.99545740280719,3.99545740280719,2.2834985605472,48,2.28251113560452,48,2.2834985605472,2.28251113560452,3.9190154360542,3.92000286099688,2.28251113560452,3.92000286099688,3.92000286099688,3.92000286099688,6.09,0.631288722362325,0.6560685390488,0.643678630705563
"D04_Jersey_Pasture","2016-06-19",6.28373147289264,48,6.28373147289264,48,6.28373147289264,6.28373147289264,6.28373147289264,1.28757493067102,1.28757493067102,1.07733670740422,48,1.07733670740422,48,1.07733670740422,1.07733670740422,1.07733670740422,5.20639476548842,5.20639476548842,5.20639476548842,5.20639476548842,5.20639476548842,0.862279632062127,0.862279632062127,0.799304627079551,48,0.799304627079551,48,0.799304627079551,0.799304627079551,0.799304627079551,5.48442684581309,5.48442684581309,5.48442684581309,5.48442684581309,5.48442684581309,0.93828730493257,48,0.93828730493257,48,0.93828730493257,0.93828730493257,5.34544416796007,5.34544416796007,0.93828730493257,5.34544416796007,5.34544416796007,5.34544416796007,6.81,0.764521991995362,0.805349022880043,0.784940406455223
"D04_Jersey_Pasture","2016-06-20",5.71492995515676,48,5.71492995515676,48,5.71492995515676,5.71492995515676,5.71492995515676,NA,0.444448203909464,NA,46,0.530863185783599,48,NA,0.530863185783599,0.530863185783599,NA,5.18406676937316,5.18406676937316,5.18406676937316,5.18406676937316,NA,-0.0451690518088636,NA,45,0.23335884882627,48,NA,0.23335884882627,0.23335884882627,NA,5.48157110633049,5.48157110633049,5.48157110633049,5.48157110633049,0.384437441371599,48,0.382049950868668,48,0.384437441371599,0.382049950868668,5.33049251378516,5.33288000428809,0.382049950868668,5.33288000428809,5.33288000428809,5.33288000428809,7.13,0.727078088271131,0.768803801729381,0.747949509717825
"D04_Jersey_Pasture","2016-06-21",5.85084245650524,48,5.85084245650524,48,5.85084245650524,5.85084245650524,5.85084245650524,NA,0.448646871681384,NA,46,0.544410694234852,48,NA,0.544410694234852,0.544410694234852,NA,5.30643176227039,5.30643176227039,5.30643176227039,5.30643176227039,-0.102230715077595,-0.102230715077595,0.197599608314758,48,0.197599608314758,48,0.197599608314758,0.197599608314758,0.197599608314758,5.65324284819048,5.65324284819048,5.65324284819048,5.65324284819048,5.65324284819048,0.364901156876283,48,0.371005151274805,48,0.364901156876283,0.371005151274805,5.48594129962896,5.47983730523043,0.371005151274805,5.47983730523043,5.47983730523043,5.47983730523043,7.49,0.708468860116207,0.754772075859877,0.731620467988042
"D04_Jersey_Pasture","2016-06-22",5.73295420158678,48,5.73295420158678,48,5.73295420158678,5.73295420158678,5.73295420158678,NA,1.82960602906448,NA,45,1.39089489308429,48,NA,1.39089489308429,1.39089489308429,NA,4.34205930850249,4.34205930850249,4.34205930850249,4.34205930850249,NA,1.45115081180378,NA,43,1.15042638442414,48,NA,1.15042638442414,1.15042638442414,NA,4.58252781716264,4.58252781716264,4.58252781716264,4.58252781716264,NA,45,1.27066063875422,48,NA,1.27066063875422,NA,4.46229356283256,1.27066063875422,4.46229356283256,4.46229356283256,4.46229356283256,7.29,0.595618560837104,0.628604638842611,0.612111599839858
"D04_Jersey_Pasture","2016-06-23",5.66377321611456,48,5.66377321611456,48,5.66377321611456,5.66377321611456,5.66377321611456,NA,2.18547163683372,NA,43,1.62486909660324,48,NA,1.62486909660324,1.62486909660324,NA,4.03890411951132,4.03890411951132,4.03890411951132,4.03890411951132,NA,1.7020900767911,NA,42,1.32100193505111,48,NA,1.32100193505111,1.32100193505111,NA,4.34277128106345,4.34277128106345,4.34277128106345,4.34277128106345,NA,47,1.47293551582718,48,NA,1.47293551582718,NA,4.19083770028738,1.47293551582718,4.19083770028738,4.19083770028738,4.19083770028738,7.38,0.547276980963593,0.588451393098028,0.567864187030811
"D04_Jersey_Pasture","2016-06-24",5.7287980379682,48,5.7287980379682,48,5.7287980379682,5.7287980379682,5.7287980379682,2.50128793810449,2.50128793810449,1.83730081578836,48,1.83730081578836,48,1.83730081578836,1.83730081578836,1.83730081578836,3.89149722217984,3.89149722217984,3.89149722217984,3.89149722217984,3.89149722217984,2.18982790721132,2.18982790721132,1.63975480051709,48,1.63975480051709,48,1.63975480051709,1.63975480051709,1.63975480051709,4.08904323745111,4.08904323745111,4.08904323745111,4.08904323745111,4.08904323745111,1.73852780815273,48,1.73852780815273,48,1.73852780815273,1.73852780815273,3.99027022981547,3.99027022981547,1.73852780815273,3.99027022981547,3.99027022981547,3.99027022981547,6.72,0.579091848538666,0.608488577001653,0.59379021277016
"D04_Jersey_Pasture","2016-06-25",5.67025248197142,48,5.67025248197142,48,5.67025248197142,5.67025248197142,5.67025248197142,NA,0.646555373527238,NA,46,0.652956322602652,48,NA,0.652956322602652,0.652956322602652,NA,5.01729615936877,5.01729615936877,5.01729615936877,5.01729615936877,NA,0.441292602051886,NA,43,0.532689185278738,48,NA,0.532689185278738,0.532689185278738,NA,5.13756329669268,5.13756329669268,5.13756329669268,5.13756329669268,NA,47,0.592717655614632,48,NA,0.592717655614632,NA,5.07753482635679,0.592717655614632,5.07753482635679,5.07753482635679,5.07753482635679,7.52,0.667193638213932,0.68318660860275,0.675204099249573
"D04_Jersey_Pasture","2016-06-26",5.98575430470744,48,5.98575430470744,48,5.98575430470744,5.98575430470744,5.98575430470744,NA,1.10928117196165,NA,47,0.912312254903221,48,NA,0.912312254903221,0.912312254903221,NA,5.07344204980422,5.07344204980422,5.07344204980422,5.07344204980422,NA,0.804535588884528,NA,47,0.709086570088818,48,NA,0.709086570088818,0.709086570088818,NA,5.27666773461862,5.27666773461862,5.27666773461862,5.27666773461862,0.807585426531028,48,0.810699412496019,48,0.807585426531028,0.810699412496019,5.17816887817641,5.17505489221142,0.810699412496019,5.17505489221142,5.17505489221142,5.17505489221142,7.37,0.688391051533815,0.715965771318673,0.702178411426244
"D04_Jersey_Pasture","2016-06-27",5.99999781612222,48,5.99999781612222,48,5.99999781612222,5.99999781612222,5.99999781612222,NA,0.879899336659469,NA,44,0.754153236009219,48,NA,0.754153236009219,0.754153236009219,NA,5.245844580113,5.245844580113,5.245844580113,5.245844580113,NA,0.486781891936012,NA,44,0.49862680800151,48,NA,0.49862680800151,0.49862680800151,NA,5.50137100812071,5.50137100812071,5.50137100812071,5.50137100812071,NA,46,0.626295529623682,48,NA,0.626295529623682,NA,5.37370228649854,0.626295529623682,5.37370228649854,5.37370228649854,5.37370228649854,7.76,0.676010899499098,0.708939562902153,0.692487408053935
"D04_Jersey_Pasture","2016-06-28",5.7409572226752,48,5.7409572226752,48,5.7409572226752,5.7409572226752,5.7409572226752,NA,1.59049031295952,NA,44,1.23189078746749,48,NA,1.23189078746749,1.23189078746749,NA,4.50906643520771,4.50906643520771,4.50906643520771,4.50906643520771,NA,1.29491738531673,NA,45,1.03422655470999,48,NA,1.03422655470999,1.03422655470999,NA,4.70673066796521,4.70673066796521,4.70673066796521,4.70673066796521,NA,46,1.13302926248335,48,NA,1.13302926248335,NA,4.60792796019185,1.13302926248335,4.60792796019185,4.60792796019185,4.60792796019185,7.67,0.587883498723299,0.613654585132362,0.600772876165822
"D04_Jersey_Pasture","2016-06-29",5.70648097484676,48,5.70648097484676,48,5.70648097484676,5.70648097484676,5.70648097484676,NA,3.18570654892749,NA,41,2.20010525255554,48,NA,2.20010525255554,2.20010525255554,NA,3.50637572229122,3.50637572229122,3.50637572229122,3.50637572229122,NA,NA,NA,36,NA,41,NA,NA,1.34069123161331,NA,NA,NA,4.36578974323345,4.36578974323345,NA,43,2.23460586056511,48,NA,2.23460586056511,NA,3.47187511428165,2.23460586056511,3.47187511428165,3.47187511428165,3.47187511428165,6.87,0.510389479227252,NA,0.505367556663996
"D04_Jersey_Pasture","2016-06-30",5.95439536326642,48,5.95439536326642,48,5.95439536326642,5.95439536326642,5.95439536326642,NA,2.3528259779895,NA,45,1.68095536031721,48,NA,1.68095536031721,1.68095536031721,NA,4.27344000294921,4.27344000294921,4.27344000294921,4.27344000294921,NA,2.29590876085602,NA,46,1.64715590851664,48,NA,1.64715590851664,1.64715590851664,NA,4.30723945474978,4.30723945474978,4.30723945474978,4.30723945474978,NA,47,1.66403881279326,48,NA,1.66403881279326,NA,4.29035655047316,1.66403881279326,4.29035655047316,4.29035655047316,4.29035655047316,6.95,0.614883453661757,0.619746684136659,0.617317489276714
"D04_Jersey_Pasture","2016-07-01",5.91048197177868,48,5.91048197177868,48,5.91048197177868,5.91048197177868,5.91048197177868,NA,4.00393087145903,NA,42,2.75216092521103,48,NA,2.75216092521103,2.75216092521103,NA,3.15832104656765,3.15832104656765,3.15832104656765,3.15832104656765,NA,3.83526409938362,NA,37,2.64281172574296,48,NA,2.64281172574296,2.64281172574296,NA,3.26767024603572,3.26767024603572,3.26767024603572,3.26767024603572,NA,44,2.69746173380177,48,NA,2.69746173380177,NA,3.21302023797691,2.69746173380177,3.21302023797691,3.21302023797691,3.21302023797691,6.75,0.467899414306319,0.484099295708995,0.476002998218801
"D04_Jersey_Pasture","2016-07-02",5.89376548056186,48,5.89376548056186,48,5.89376548056186,5.89376548056186,5.89376548056186,NA,4.25113838930364,NA,45,2.87596015707998,48,NA,2.87596015707998,2.87596015707998,NA,3.01780532348188,3.01780532348188,3.01780532348188,3.01780532348188,NA,4.39265225436558,NA,43,2.9687987930357,48,NA,2.9687987930357,2.9687987930357,NA,2.92496668752616,2.92496668752616,2.92496668752616,2.92496668752616,NA,47,2.92235498784065,48,NA,2.92235498784065,NA,2.97141049272121,2.92235498784065,2.97141049272121,2.97141049272121,2.97141049272121,6.73,0.448410895019595,0.434616149706711,0.441517160879823
"D04_Jersey_Pasture","2016-07-03",5.77178644978548,48,5.77178644978548,48,5.77178644978548,5.77178644978548,5.77178644978548,NA,3.3718221385,NA,41,2.28842124744162,48,NA,2.28842124744162,2.28842124744162,NA,3.48336520234386,3.48336520234386,3.48336520234386,3.48336520234386,NA,3.47283471967659,NA,42,2.35872634095734,48,NA,2.35872634095734,2.35872634095734,NA,3.41306010882814,3.41306010882814,3.41306010882814,3.41306010882814,NA,44,2.3235673863605,48,NA,2.3235673863605,NA,3.44821906342498,2.3235673863605,3.44821906342498,3.44821906342498,3.44821906342498,6.9,0.504835536571575,0.494646392583789,0.499741893249997
"D04_Jersey_Pasture","2016-07-04",5.70589468908264,48,5.70589468908264,48,5.70589468908264,5.70589468908264,5.70589468908264,NA,3.68620641728224,NA,44,2.49584258863591,48,NA,2.49584258863591,2.49584258863591,NA,3.21005210044673,3.21005210044673,3.21005210044673,3.21005210044673,NA,3.79401351835668,NA,43,2.5695305481791,48,NA,2.5695305481791,2.5695305481791,NA,3.13636414090354,3.13636414090354,3.13636414090354,3.13636414090354,NA,46,2.53268136366913,48,NA,2.53268136366913,NA,3.17321332541351,2.53268136366913,3.17321332541351,3.17321332541351,3.17321332541351,6.48,0.495378410562767,0.48400681186783,0.489693414415665
"D04_Jersey_Pasture","2016-07-05",5.72930938495044,48,5.72930938495044,48,5.72930938495044,5.72930938495044,5.72930938495044,NA,3.78876705249655,NA,40,2.57984646829557,48,NA,2.57984646829557,2.57984646829557,NA,3.14946291665487,3.14946291665487,3.14946291665487,3.14946291665487,NA,3.8400932147894,NA,42,2.61650687380472,48,NA,2.61650687380472,2.61650687380472,NA,3.11280251114572,3.11280251114572,3.11280251114572,3.11280251114572,NA,45,2.59817051123492,48,NA,2.59817051123492,NA,3.13113887371552,2.59817051123492,3.13113887371552,3.13113887371552,3.13113887371552,5.82,0.541144831040355,0.534845792293079,0.537996370054213
"D04_Jersey_Pasture","2016-07-06",5.8813021325637,48,5.8813021325637,48,5.8813021325637,5.8813021325637,5.8813021325637,NA,4.37891805251753,NA,47,3.02399371598804,48,NA,3.02399371598804,3.02399371598804,NA,2.85730841657566,2.85730841657566,2.85730841657566,2.85730841657566,3.87361714633622,3.87361714633622,2.66881154810148,48,2.66881154810148,48,2.66881154810148,2.66881154810148,2.66881154810148,3.21249058446222,3.21249058446222,3.21249058446222,3.21249058446222,3.21249058446222,2.84492740310666,48,2.84640263204476,48,2.84492740310666,2.84640263204476,3.03637472945704,3.03489950051894,2.84640263204476,3.03489950051894,3.03489950051894,3.03489950051894,5.99,0.477013091248023,0.536308945653125,0.506661018450574
"D04_Jersey_Pasture","2016-07-07",NA,47,5.81983910693118,48,NA,5.81983910693118,5.81983910693118,NA,4.04726001921927,NA,46,2.79495859966543,48,NA,2.79495859966543,2.79495859966543,NA,3.02488050726575,3.02488050726575,3.02488050726575,3.02488050726575,NA,3.5887563811106,NA,44,2.46599289061055,48,NA,2.46599289061055,2.46599289061055,NA,3.35384621632063,3.35384621632063,3.35384621632063,3.35384621632063,NA,46,2.63047574513799,48,NA,2.63047574513799,NA,3.18936336179319,2.63047574513799,3.18936336179319,3.18936336179319,3.18936336179319,6.04,0.500808031004263,0.555272552370966,0.528040291687614
"D04_Jersey_Pasture","2016-07-08",5.93381658600702,48,5.93381658600702,48,5.93381658600702,5.93381658600702,5.93381658600702,NA,NA,NA,10,NA,11,NA,NA,NA,NA,NA,NA,NA,NA,NA,3.46509344314652,NA,47,2.39455154921399,48,NA,2.39455154921399,2.39455154921399,NA,3.53926503679303,3.53926503679303,3.53926503679303,3.53926503679303,2.38867017195307,48,2.38810622198537,48,2.38867017195307,2.38810622198537,3.54514641405395,3.54571036402165,2.38810622198537,3.54571036402165,3.54571036402165,3.54571036402165,6.73,NA,0.525893764753793,0.526851465679295
"D04_Jersey_Pasture","2016-07-09",5.76909820465902,48,5.76909820465902,48,5.76909820465902,5.76909820465902,5.76909820465902,NA,NA,NA,0,NA,0,NA,NA,NA,NA,NA,NA,NA,NA,NA,3.41204552164077,NA,47,2.36446448764219,48,NA,2.36446448764219,2.36446448764219,NA,3.40463371701683,3.40463371701683,3.40463371701683,3.40463371701683,NA,47,2.36446448764219,48,NA,2.36446448764219,NA,3.40463371701683,2.36446448764219,3.40463371701683,3.40463371701683,3.40463371701683,6.28,NA,0.542139126913507,0.542139126913507
"D04_Jersey_Pasture","2016-07-10",5.6003000678622,48,5.6003000678622,48,5.6003000678622,5.6003000678622,5.6003000678622,NA,NA,NA,0,NA,0,NA,NA,NA,NA,NA,NA,NA,NA,NA,3.11405475101866,NA,47,2.21731485341194,48,NA,2.21731485341194,2.21731485341194,NA,3.38298521445026,3.38298521445026,3.38298521445026,3.38298521445026,NA,47,2.21731485341194,48,NA,2.21731485341194,NA,3.38298521445026,2.21731485341194,3.38298521445026,3.38298521445026,3.38298521445026,6.25,NA,0.541277634312042,0.541277634312042
"D04_Jersey_Pasture","2016-07-11",5.7672960004242,48,5.7672960004242,48,5.7672960004242,5.7672960004242,5.7672960004242,NA,NA,NA,0,NA,0,NA,NA,NA,NA,NA,NA,NA,NA,NA,1.91386958792594,NA,46,1.39098865084377,48,NA,1.39098865084377,1.39098865084377,NA,4.37630734958043,4.37630734958043,4.37630734958043,4.37630734958043,NA,46,1.39098865084377,48,NA,1.39098865084377,NA,4.37630734958043,1.39098865084377,4.37630734958043,4.37630734958043,4.37630734958043,6.92,NA,0.632414356875784,0.632414356875784
"D04_Jersey_Pasture","2016-07-12",5.64071705088948,48,5.64071705088948,48,5.64071705088948,5.64071705088948,5.64071705088948,NA,NA,NA,0,NA,0,NA,NA,NA,NA,NA,NA,NA,NA,NA,2.36341707890449,NA,44,1.69071655443704,48,NA,1.69071655443704,1.69071655443704,NA,3.95000049645244,3.95000049645244,3.95000049645244,3.95000049645244,NA,44,1.69071655443704,48,NA,1.69071655443704,NA,3.95000049645244,1.69071655443704,3.95000049645244,3.95000049645244,3.95000049645244,6.55,NA,0.60305351090877,0.60305351090877
"D04_Jersey_Pasture","2016-07-13",5.8391049861198,48,5.8391049861198,48,5.8391049861198,5.8391049861198,5.8391049861198,NA,NA,NA,18,NA,18,NA,NA,NA,NA,NA,NA,NA,NA,1.42928839825227,1.42928839825227,1.1172405849107,48,1.1172405849107,48,1.1172405849107,1.1172405849107,1.1172405849107,4.7218644012091,4.7218644012091,4.7218644012091,4.7218644012091,4.7218644012091,0.787381557452912,48,0.787381557452912,48,0.787381557452912,0.787381557452912,5.05172342866689,5.05172342866689,0.787381557452912,5.05172342866689,5.05172342866689,5.05172342866689,6.97,NA,0.677455437763142,0.724780979722653
"D04_Jersey_Pasture","2016-07-14",5.7580866118863,48,5.7580866118863,48,5.7580866118863,5.7580866118863,5.7580866118863,-2.4986395942397,-2.4986395942397,-1.28810847449669,48,-1.28810847449669,48,-1.28810847449669,-1.28810847449669,-1.28810847449669,7.04619508638299,7.04619508638299,7.04619508638299,7.04619508638299,7.04619508638299,NA,0.694701046528743,NA,47,0.638617573467836,48,NA,0.638617573467836,0.638617573467836,NA,5.11946903841846,5.11946903841846,5.11946903841846,5.11946903841846,-0.345724147050082,48,-0.325867910993289,48,-0.345724147050082,-0.325867910993289,6.10381075893638,6.08395452287959,-0.325867910993289,6.08395452287959,6.08395452287959,6.08395452287959,7.1,0.992421843152534,0.721051977242037,0.856895003222477
"D04_Jersey_Pasture","2016-07-15",5.4541033207416,48,5.4541033207416,48,5.4541033207416,5.4541033207416,5.4541033207416,NA,1.62342811442176,NA,46,1.26051796623843,48,NA,1.26051796623843,1.26051796623843,NA,4.19358535450317,4.19358535450317,4.19358535450317,4.19358535450317,NA,3.01397903563556,NA,46,2.08760631084021,48,NA,2.08760631084021,2.08760631084021,NA,3.36649700990139,3.36649700990139,3.36649700990139,3.36649700990139,1.67157267085631,48,1.67405935114697,48,1.67157267085631,1.67405935114697,3.78253064988529,3.78004396959463,1.67405935114697,3.78004396959463,3.78004396959463,3.78004396959463,6.9,0.607765993406257,0.487898117377013,0.54783245936154
"D04_Jersey_Pasture","2016-07-16",5.6495980312362,48,5.6495980312362,48,5.6495980312362,5.6495980312362,5.6495980312362,NA,3.02720897076269,NA,34,2.10919807493206,48,NA,2.10919807493206,2.10919807493206,NA,3.54039995630414,3.54039995630414,3.54039995630414,3.54039995630414,NA,3.46308941914003,NA,43,2.35218155370238,48,NA,2.35218155370238,2.35218155370238,NA,3.29741647753382,3.29741647753382,3.29741647753382,3.29741647753382,NA,46,2.23017652593153,48,NA,2.23017652593153,NA,3.41942150530467,2.23017652593153,3.41942150530467,3.41942150530467,3.41942150530467,6.51,0.543840239063616,0.506515587946823,0.525256759647414
"D04_Jersey_Pasture","2016-07-17",5.6867368099032,48,5.6867368099032,48,5.6867368099032,5.6867368099032,5.6867368099032,NA,2.28281305071695,NA,45,1.65417220061304,48,NA,1.65417220061304,1.65417220061304,NA,4.03256460929016,4.03256460929016,4.03256460929016,4.03256460929016,NA,3.61514645236307,NA,45,2.48863647030424,48,NA,2.48863647030424,2.48863647030424,NA,3.19810033959896,3.19810033959896,3.19810033959896,3.19810033959896,NA,47,2.07064833663328,48,NA,2.07064833663328,NA,3.61608847326992,2.07064833663328,3.61608847326992,3.61608847326992,3.61608847326992,6.19,0.651464395685002,0.516655951469944,0.584182305859438
"D04_Jersey_Pasture","2016-07-18",5.6486796638112,48,5.6486796638112,48,5.6486796638112,5.6486796638112,5.6486796638112,NA,3.44078916160631,NA,47,2.40286932740523,48,NA,2.40286932740523,2.40286932740523,NA,3.24581033640597,3.24581033640597,3.24581033640597,3.24581033640597,NA,3.91359731642306,NA,47,2.68639355128107,48,NA,2.68639355128107,2.68639355128107,NA,2.96228611253013,2.96228611253013,2.96228611253013,2.96228611253013,2.5533989317393,48,2.54445734921992,48,2.5533989317393,2.54445734921992,3.0952807320719,3.10422231459128,2.54445734921992,3.10422231459128,3.10422231459128,3.10422231459128,5.91,0.549206486701518,0.501232844759752,0.525249122604278
"D04_Jersey_Pasture","2016-07-19",5.572175983839,48,5.572175983839,48,5.572175983839,5.572175983839,5.572175983839,NA,2.29150495448889,NA,45,1.66638843434919,48,NA,1.66638843434919,1.66638843434919,NA,3.90578754948981,3.90578754948981,3.90578754948981,3.90578754948981,NA,3.28683965046562,NA,47,2.28356474844799,48,NA,2.28356474844799,2.28356474844799,NA,3.28861123539101,3.28861123539101,3.28861123539101,3.28861123539101,2.00404564953702,48,1.97398767073223,48,2.00404564953702,1.97398767073223,3.56813033430198,3.59818831310677,1.97398767073223,3.59818831310677,3.59818831310677,3.59818831310677,6.21,0.628951296214141,0.529567026633013,0.579418407907693
"D04_Jersey_Pasture","2016-07-20",5.6516037456924,48,5.6516037456924,48,5.6516037456924,5.6516037456924,5.6516037456924,NA,0.55697460852043,NA,46,0.572844165361106,48,NA,0.572844165361106,0.572844165361106,NA,5.07875958033129,5.07875958033129,5.07875958033129,5.07875958033129,NA,2.36535895494105,NA,46,1.69292094657003,48,NA,1.69292094657003,1.69292094657003,NA,3.95868279912237,3.95868279912237,3.95868279912237,3.95868279912237,1.14149322488897,48,1.13246068067219,48,1.14149322488897,1.13246068067219,4.51011052080343,4.51914306502021,1.13246068067219,4.51914306502021,4.51914306502021,4.51914306502021,6.65,0.763723245162601,0.595290646484566,0.679570385717325
"D04_Jersey_Pasture","2016-07-21",5.4751082204862,48,5.4751082204862,48,5.4751082204862,5.4751082204862,5.4751082204862,NA,1.95459194623976,NA,45,1.43503618992375,48,NA,1.43503618992375,1.43503618992375,NA,4.04007203056245,4.04007203056245,4.04007203056245,4.04007203056245,NA,2.78617751989154,NA,45,1.9491209387321,48,NA,1.9491209387321,1.9491209387321,NA,3.5259872817541,3.5259872817541,3.5259872817541,3.5259872817541,1.67945013631804,48,1.69206715593168,48,1.67945013631804,1.69206715593168,3.79565808416816,3.78304106455452,1.69206715593168,3.78304106455452,3.78304106455452,3.78304106455452,6.82,0.592385928234963,0.517006932808519,0.554698103307115
"D04_Jersey_Pasture","2016-07-22",5.50544226388092,48,5.50544226388092,48,5.50544226388092,5.50544226388092,5.50544226388092,NA,-0.938355379530107,NA,46,-0.295152105091593,48,NA,-0.295152105091593,-0.295152105091593,NA,5.80059436897251,5.80059436897251,5.80059436897251,5.80059436897251,NA,0.851935857383929,NA,46,0.755753949283557,48,NA,0.755753949283557,0.755753949283557,NA,4.74968831459736,4.74968831459736,4.74968831459736,4.74968831459736,NA,46,0.229763207022735,48,NA,0.229763207022735,NA,5.27567905685819,0.229763207022735,5.27567905685819,5.27567905685819,5.27567905685819,6.74,0.860622309936575,0.704701530355692,0.782741699830591
"D04_Jersey_Pasture","2016-07-23",5.66633656327122,48,5.66633656327122,48,5.66633656327122,5.66633656327122,5.66633656327122,NA,-2.11512357218537,NA,46,-1.03374033719268,48,NA,-1.03374033719268,-1.03374033719268,NA,6.7000769004639,6.7000769004639,6.7000769004639,6.7000769004639,NA,0.508272546591453,NA,46,0.551671474387576,48,NA,0.551671474387576,0.551671474387576,NA,5.11466508888364,5.11466508888364,5.11466508888364,5.11466508888364,-0.248895136800143,48,-0.241954816848609,48,-0.248895136800143,-0.241954816848609,5.91523170007136,5.90829138011983,-0.241954816848609,5.90829138011983,5.90829138011983,5.90829138011983,7.23,0.926704965486017,0.707422557245317,0.817191062257238
"D04_Jersey_Pasture","2016-07-24",5.72554407850794,48,5.72554407850794,48,5.72554407850794,5.72554407850794,5.72554407850794,NA,-0.790960703507488,NA,46,-0.258004408079022,48,NA,-0.258004408079022,-0.258004408079022,NA,5.98354848658696,5.98354848658696,5.98354848658696,5.98354848658696,NA,0.969284445752625,NA,45,0.807119687379921,48,NA,0.807119687379921,0.807119687379921,NA,4.91842439112802,4.91842439112802,4.91842439112802,4.91842439112802,NA,47,0.273860998582756,48,NA,0.273860998582756,NA,5.45168307992518,0.273860998582756,5.45168307992518,5.45168307992518,5.45168307992518,7.06,0.847528114247445,0.696660678630031,0.772193070810933
"D04_Jersey_Pasture","2016-07-25",5.54003753212764,48,5.54003753212764,48,5.54003753212764,5.54003753212764,5.54003753212764,NA,0.871467530681905,NA,47,0.813923290994294,48,NA,0.813923290994294,0.813923290994294,NA,4.72611424113335,4.72611424113335,4.72611424113335,4.72611424113335,NA,2.07721466107648,NA,47,1.51605978939012,48,NA,1.51605978939012,1.51605978939012,NA,4.02397774273752,4.02397774273752,4.02397774273752,4.02397774273752,1.14886272101266,48,1.1649823785489,48,1.14886272101266,1.1649823785489,4.39117481111498,4.37505515357874,1.1649823785489,4.37505515357874,4.37505515357874,4.37505515357874,6.79,0.696040388973983,0.592632951802286,0.644338019672864
"D04_Jersey_Pasture","2016-07-26",5.07457806399216,48,5.07457806399216,48,5.07457806399216,5.07457806399216,5.07457806399216,-1.49652790499051,-1.49652790499051,-0.646431981845286,48,-0.646431981845286,48,-0.646431981845286,-0.646431981845286,-0.646431981845286,5.72101004583745,5.72101004583745,5.72101004583745,5.72101004583745,5.72101004583745,NA,0.0947512531786852,NA,47,0.282719357715123,48,NA,0.282719357715123,0.282719357715123,NA,4.79185870627704,4.79185870627704,4.79185870627704,4.79185870627704,-0.186079306540579,48,-0.182926775568621,48,-0.186079306540579,-0.182926775568621,5.26065737053274,5.25750483956078,-0.182926775568621,5.25750483956078,5.25750483956078,5.25750483956078,6.91,0.827931989267358,0.693467251270193,0.760854535392298
"D04_Jersey_Pasture","2016-07-27",5.20533521796366,48,5.20533521796366,48,5.20533521796366,5.20533521796366,5.20533521796366,NA,-1.914200187774,NA,47,-0.937264982547829,48,NA,-0.937264982547829,-0.937264982547829,NA,6.14260020051149,6.14260020051149,6.14260020051149,6.14260020051149,NA,-0.584673608319531,NA,46,-0.155415998186813,48,NA,-0.155415998186813,-0.155415998186813,NA,5.36075121615047,5.36075121615047,5.36075121615047,5.36075121615047,NA,47,-0.546666022184632,48,NA,-0.546666022184632,NA,5.75200124014829,-0.546666022184632,5.75200124014829,5.75200124014829,5.75200124014829,7.27,0.844924374210659,0.737379809649309,0.791196869346395
"D04_Jersey_Pasture","2016-07-28",5.34512690331534,48,5.34512690331534,48,5.34512690331534,5.34512690331534,5.34512690331534,NA,0.274710371879292,NA,46,0.388423367687717,48,NA,0.388423367687717,0.388423367687717,NA,4.95670353562762,4.95670353562762,4.95670353562762,4.95670353562762,NA,1.06362781137835,NA,41,0.842784905452526,48,NA,0.842784905452526,0.842784905452526,NA,4.50234199786281,4.50234199786281,4.50234199786281,4.50234199786281,0.576908533316845,48,0.61415367897364,48,0.576908533316845,0.61415367897364,4.7682183699985,4.7309732243417,0.61415367897364,4.7309732243417,4.7309732243417,4.7309732243417,7.19,0.689388530685344,0.626194992748653,0.65799349434516
"D04_Jersey_Pasture","2016-07-29",5.62648382518986,48,5.62648382518986,48,5.62648382518986,5.62648382518986,5.62648382518986,NA,1.0211530018944,NA,47,0.862027277274723,48,NA,0.862027277274723,0.862027277274723,NA,4.76445654791514,4.76445654791514,4.76445654791514,4.76445654791514,NA,1.64128530975647,NA,46,1.20991428958157,48,NA,1.20991428958157,1.20991428958157,NA,4.41656953560829,4.41656953560829,4.41656953560829,4.41656953560829,1.01507354910746,48,1.03595209641869,48,1.01507354910746,1.03595209641869,4.6114102760824,4.59053172877117,1.03595209641869,4.59053172877117,4.59053172877117,4.59053172877117,7.23,0.658984308148705,0.610867155685793,0.63492831656586
"D04_Jersey_Pasture","2016-07-30",5.5013661819018,48,5.5013661819018,48,5.5013661819018,5.5013661819018,5.5013661819018,NA,1.39769613223113,NA,44,1.04215258956934,48,NA,1.04215258956934,1.04215258956934,NA,4.45921359233246,4.45921359233246,4.45921359233246,4.45921359233246,NA,1.92844003228704,NA,42,1.33859174803421,48,NA,1.33859174803421,1.33859174803421,NA,4.16277443386759,4.16277443386759,4.16277443386759,4.16277443386759,NA,47,1.19036124092745,48,NA,1.19036124092745,NA,4.31100494097435,1.19036124092745,4.31100494097435,4.31100494097435,4.31100494097435,7.29,0.611689107315838,0.571025299570315,0.591358702465617
"D04_Jersey_Pasture","2016-07-31",5.28261326534862,48,5.28261326534862,48,5.28261326534862,5.28261326534862,5.28261326534862,NA,3.29867408697303,NA,40,2.27042127951807,48,NA,2.27042127951807,2.27042127951807,NA,3.01219198583055,3.01219198583055,3.01219198583055,3.01219198583055,NA,3.00031022372572,NA,39,2.04406735513718,48,NA,2.04406735513718,2.04406735513718,NA,3.23854591021144,3.23854591021144,3.23854591021144,3.23854591021144,NA,45,2.15678445201258,48,NA,2.15678445201258,NA,3.12582881333604,2.15678445201258,3.12582881333604,3.12582881333604,3.12582881333604,6.5,0.463414151666239,0.498237832340221,0.480896740513236
"D04_Jersey_Pasture","2016-08-01",5.21813211701058,48,5.21813211701058,48,5.21813211701058,5.21813211701058,5.21813211701058,NA,2.21702238402545,NA,35,1.60892466077446,48,NA,1.60892466077446,1.60892466077446,NA,3.60920745623612,3.60920745623612,3.60920745623612,3.60920745623612,NA,2.50552767801007,NA,41,1.75347000036607,48,NA,1.75347000036607,1.75347000036607,NA,3.46466211664451,3.46466211664451,3.46466211664451,3.46466211664451,NA,45,1.68102586127651,48,NA,1.68102586127651,NA,3.53710625573407,1.68102586127651,3.53710625573407,3.53710625573407,3.53710625573407,6.26,0.576550711858805,0.553460402019889,0.56503294820033
"D04_Jersey_Pasture","2016-08-02",5.45923295383068,48,5.45923295383068,48,5.45923295383068,5.45923295383068,5.45923295383068,NA,2.39415181060785,NA,45,1.73770977374421,48,NA,1.73770977374421,1.73770977374421,NA,3.72152318008647,3.72152318008647,3.72152318008647,3.72152318008647,NA,2.52671262296567,NA,44,1.75805327150537,48,NA,1.75805327150537,1.75805327150537,NA,3.70117968232531,3.70117968232531,3.70117968232531,3.70117968232531,NA,47,1.74735389315222,48,NA,1.74735389315222,NA,3.71187906067846,1.74735389315222,3.71187906067846,3.71187906067846,3.71187906067846,6.19,0.60121537642754,0.597928866288418,0.599657360368088
"D04_Jersey_Pasture","2016-08-03",5.27587538722488,48,5.27587538722488,48,5.27587538722488,5.27587538722488,5.27587538722488,NA,1.65103877717948,NA,47,1.2354253958781,48,NA,1.2354253958781,1.2354253958781,NA,4.04044999134678,4.04044999134678,4.04044999134678,4.04044999134678,NA,2.13963450241715,NA,46,1.51803308504508,48,NA,1.51803308504508,1.51803308504508,NA,3.7578423021798,3.7578423021798,3.7578423021798,3.7578423021798,1.35930816652383,48,1.37624125202822,48,1.35930816652383,1.37624125202822,3.91656722070105,3.89963413519666,1.37624125202822,3.89963413519666,3.89963413519666,3.89963413519666,6.55,0.616862594098744,0.573716382012183,0.59536399010636
"D04_Jersey_Pasture","2016-08-04",5.04225520410186,48,5.04225520410186,48,5.04225520410186,5.04225520410186,5.04225520410186,NA,3.25249556749448,NA,44,2.25887110060452,48,NA,2.25887110060452,2.25887110060452,NA,2.78338410349734,2.78338410349734,2.78338410349734,2.78338410349734,NA,3.01845002852524,NA,45,2.07836475133881,48,NA,2.07836475133881,2.07836475133881,NA,2.96389045276305,2.96389045276305,2.96389045276305,2.96389045276305,NA,46,2.16846209927931,48,NA,2.16846209927931,NA,2.87379310482255,2.16846209927931,2.87379310482255,2.87379310482255,2.87379310482255,5.61,0.496146899019133,0.528322718852594,0.512262585529867
"D04_Jersey_Pasture","2016-08-05",5.2780192241418,48,5.2780192241418,48,5.2780192241418,5.2780192241418,5.2780192241418,NA,3.74870933029757,NA,43,2.60677157372048,48,NA,2.60677157372048,2.60677157372048,NA,2.67124765042132,2.67124765042132,2.67124765042132,2.67124765042132,NA,3.64416749841984,NA,47,2.49233349176099,48,NA,2.49233349176099,2.49233349176099,NA,2.78568573238081,2.78568573238081,2.78568573238081,2.78568573238081,2.54171606125395,48,2.54897834461745,48,2.54171606125395,2.54897834461745,2.73630316288785,2.72904087952435,2.54897834461745,2.72904087952435,2.72904087952435,2.72904087952435,5.34,0.500233642400996,0.521663994827867,0.511056344480215
"D04_Jersey_Pasture","2016-08-06",5.2668812640114,48,5.2668812640114,48,5.2668812640114,5.2668812640114,5.2668812640114,NA,3.38601577064507,NA,45,2.39717450591697,48,NA,2.39717450591697,2.39717450591697,NA,2.86970675809443,2.86970675809443,2.86970675809443,2.86970675809443,NA,2.95730132306358,NA,47,2.05882453858275,48,NA,2.05882453858275,2.05882453858275,NA,3.20805672542865,3.20805672542865,3.20805672542865,3.20805672542865,2.21506606164815,48,2.22799949881714,48,2.21506606164815,2.22799949881714,3.05181520236325,3.03888176519426,2.22799949881714,3.03888176519426,3.03888176519426,3.03888176519426,5.56,0.51613430900979,0.576988619681413,0.546561468560119
"D04_Jersey_Pasture","2016-08-07",5.3646322927284,48,5.3646322927284,48,5.3646322927284,5.3646322927284,5.3646322927284,NA,1.62973642925311,NA,47,1.29281742346826,48,NA,1.29281742346826,1.29281742346826,NA,4.07181486926014,4.07181486926014,4.07181486926014,4.07181486926014,1.71601901668891,1.71601901668891,1.27914194333693,48,1.27914194333693,48,1.27914194333693,1.27914194333693,1.27914194333693,4.08549034939147,4.08549034939147,4.08549034939147,4.08549034939147,4.08549034939147,1.28738333178323,48,1.2859796834026,48,1.28738333178323,1.2859796834026,4.07724896094517,4.0786526093258,1.2859796834026,4.0786526093258,4.0786526093258,4.0786526093258,5.73,0.710613415228645,0.713000060975823,0.711806738102234
"D04_Jersey_Pasture","2016-08-08",5.28276240821844,48,5.28276240821844,48,5.28276240821844,5.28276240821844,5.28276240821844,NA,1.02989360026305,NA,47,0.878021371187173,48,NA,0.878021371187173,0.878021371187173,NA,4.40474103703127,4.40474103703127,4.40474103703127,4.40474103703127,NA,1.29344377497525,NA,46,0.987439946502061,48,NA,0.987439946502061,0.987439946502061,NA,4.29532246171638,4.29532246171638,4.29532246171638,4.29532246171638,0.945508443422493,48,0.93272645813176,48,0.945508443422493,0.93272645813176,4.33725396479595,4.35003595008668,0.93272645813176,4.35003595008668,4.35003595008668,4.35003595008668,6.14,0.717384533718447,0.699563918846316,0.70847491043757
"D04_Jersey_Pasture","2016-08-09",5.44327613614782,48,5.44327613614782,48,5.44327613614782,5.44327613614782,5.44327613614782,NA,2.00602546591932,NA,46,1.49704266809121,48,NA,1.49704266809121,1.49704266809121,NA,3.94623346805662,3.94623346805662,3.94623346805662,3.94623346805662,NA,2.00212133297157,NA,46,1.44675501771204,48,NA,1.44675501771204,1.44675501771204,NA,3.99652111843578,3.99652111843578,3.99652111843578,3.99652111843578,NA,47,1.47184657860412,48,NA,1.47184657860412,NA,3.9714295575437,1.47184657860412,3.9714295575437,3.9714295575437,3.9714295575437,5.87,0.672271459634858,0.680838350670491,0.676563808780869
"D04_Jersey_Pasture","2016-08-10",5.31210681887598,48,5.31210681887598,48,5.31210681887598,5.31210681887598,5.31210681887598,NA,2.98603258985303,NA,46,2.10931392549535,48,NA,2.10931392549535,2.10931392549535,NA,3.20279289338063,3.20279289338063,3.20279289338063,3.20279289338063,NA,2.74699005070958,NA,47,1.91036233022711,48,NA,1.91036233022711,1.91036233022711,NA,3.40174448864887,3.40174448864887,3.40174448864887,3.40174448864887,NA,47,2.00977225630092,48,NA,2.00977225630092,NA,3.30233456257506,2.00977225630092,3.30233456257506,3.30233456257506,3.30233456257506,5.92,0.541012313071053,0.574619001460957,0.557826784218761
"D04_Jersey_Pasture","2016-08-11",5.12758990523286,48,5.12758990523286,48,5.12758990523286,5.12758990523286,5.12758990523286,NA,2.51878698729655,NA,44,1.7800927289373,48,NA,1.7800927289373,1.7800927289373,NA,3.34749717629556,3.34749717629556,3.34749717629556,3.34749717629556,NA,2.34745066578281,NA,42,1.63189432210003,48,NA,1.63189432210003,1.63189432210003,NA,3.49569558313283,3.49569558313283,3.49569558313283,3.49569558313283,NA,46,1.70599352551866,48,NA,1.70599352551866,NA,3.4215963797142,1.70599352551866,3.4215963797142,3.4215963797142,3.4215963797142,6.04,0.554221386803901,0.578757546876297,0.566489466840099
"D04_Jersey_Pasture","2016-08-12",5.14500215161086,48,5.14500215161086,48,5.14500215161086,5.14500215161086,5.14500215161086,NA,1.38929710087171,NA,46,1.08273579932277,48,NA,1.08273579932277,1.08273579932277,NA,4.06226635228809,4.06226635228809,4.06226635228809,4.06226635228809,NA,1.43867992557216,NA,46,1.07084044288571,48,NA,1.07084044288571,1.07084044288571,NA,4.07416170872515,4.07416170872515,4.07416170872515,4.07416170872515,1.04359357508323,48,1.07678430450868,48,1.04359357508323,1.07678430450868,4.10140857652763,4.06821784710218,1.07678430450868,4.06821784710218,4.06821784710218,4.06821784710218,6.27,0.647889370380875,0.649786556415494,0.648838572105612
"D04_Jersey_Pasture","2016-08-13",5.18847178795884,48,5.18847178795884,48,5.18847178795884,5.18847178795884,5.18847178795884,NA,0.043725716838066,NA,46,0.231073953249585,48,NA,0.231073953249585,0.231073953249585,NA,4.95739783470925,4.95739783470925,4.95739783470925,4.95739783470925,NA,0.296856267175068,NA,46,0.344186462827643,48,NA,0.344186462827643,0.344186462827643,NA,4.8442853251312,4.8442853251312,4.8442853251312,4.8442853251312,0.292567757567364,48,0.287543121108027,48,0.292567757567364,0.287543121108027,4.89590403039148,4.90092866685081,0.287543121108027,4.90092866685081,4.90092866685081,4.90092866685081,6.68,0.742125424357673,0.725192413941796,0.733671956115391
"D04_Jersey_Pasture","2016-08-14",5.14924647850224,48,5.14924647850224,48,5.14924647850224,5.14924647850224,5.14924647850224,NA,1.302190932372,NA,45,1.01405776783402,48,NA,1.01405776783402,1.01405776783402,NA,4.13518871066822,4.13518871066822,4.13518871066822,4.13518871066822,NA,1.23991986322917,NA,42,0.94296966013166,48,NA,0.94296966013166,0.94296966013166,NA,4.20627681837058,4.20627681837058,4.20627681837058,4.20627681837058,NA,47,0.978513713982841,48,NA,0.978513713982841,NA,4.1707327645194,0.978513713982841,4.1707327645194,4.1707327645194,4.1707327645194,6.83,0.60544490639359,0.615853121284126,0.610649013838858
"D04_Jersey_Pasture","2016-08-15",4.7562836695902,48,4.7562836695902,48,4.7562836695902,4.7562836695902,4.7562836695902,NA,2.88124424890418,NA,42,2.01656162200995,48,NA,2.01656162200995,2.01656162200995,NA,2.73972204758025,2.73972204758025,2.73972204758025,2.73972204758025,NA,2.46008916463705,NA,40,1.70902159909556,48,NA,1.70902159909556,1.70902159909556,NA,3.04726207049464,3.04726207049464,3.04726207049464,3.04726207049464,NA,46,1.86279079480609,48,NA,1.86279079480609,NA,2.89349287478411,1.86279079480609,2.89349287478411,2.89349287478411,2.89349287478411,6.14,0.4462088025375,0.496296754152221,0.471252911202623
"D04_Jersey_Pasture","2016-08-16",4.93181968451076,48,4.93181968451076,48,4.93181968451076,4.93181968451076,4.93181968451076,NA,2.35057081246841,NA,43,1.69544454753855,48,NA,1.69544454753855,1.69544454753855,NA,3.23637513697221,3.23637513697221,3.23637513697221,3.23637513697221,NA,1.89549110585556,NA,47,1.36267500228141,48,NA,1.36267500228141,1.36267500228141,NA,3.56914468222935,3.56914468222935,3.56914468222935,3.56914468222935,1.50822810249761,48,1.52905106777044,48,1.50822810249761,1.52905106777044,3.42359158201315,3.40276861674032,1.52905106777044,3.40276861674032,3.40276861674032,3.40276861674032,6.18,0.523685297244694,0.577531501978859,0.550609808534033
"D04_Jersey_Pasture","2016-08-17",5.15117578478868,48,5.15117578478868,48,5.15117578478868,5.15117578478868,5.15117578478868,NA,NA,NA,16,NA,16,NA,NA,NA,NA,NA,NA,NA,NA,NA,1.87150093340486,NA,43,1.33981511590713,48,NA,1.33981511590713,1.33981511590713,NA,3.81136066888155,3.81136066888155,3.81136066888155,3.81136066888155,NA,46,1.31151597240996,48,NA,1.31151597240996,NA,3.83965981237872,1.31151597240996,3.83965981237872,3.83965981237872,3.83965981237872,6.1,NA,0.624813224406811,0.629452428258806
"D04_Jersey_Pasture","2016-08-18",4.6357497817938,48,4.6357497817938,48,4.6357497817938,4.6357497817938,4.6357497817938,NA,NA,NA,0,NA,0,NA,NA,NA,NA,NA,NA,NA,NA,NA,2.21645558483954,NA,45,1.55816502740618,48,NA,1.55816502740618,1.55816502740618,NA,3.07758475438762,3.07758475438762,3.07758475438762,3.07758475438762,NA,45,1.55816502740618,48,NA,1.55816502740618,NA,3.07758475438762,1.55816502740618,3.07758475438762,3.07758475438762,3.07758475438762,6.04,NA,0.50953389973305,0.50953389973305
"D04_Jersey_Pasture","2016-08-19",4.62799067909346,48,4.62799067909346,48,4.62799067909346,4.62799067909346,4.62799067909346,NA,NA,NA,0,NA,0,NA,NA,NA,NA,NA,NA,NA,NA,NA,2.18286034079999,NA,42,1.52982508682815,48,NA,1.52982508682815,1.52982508682815,NA,3.09816559226531,3.09816559226531,3.09816559226531,3.09816559226531,NA,42,1.52982508682815,48,NA,1.52982508682815,NA,3.09816559226531,1.52982508682815,3.09816559226531,3.09816559226531,3.09816559226531,5.99,NA,0.517222970328098,0.517222970328098
"D04_Jersey_Pasture","2016-08-20",4.51166217940962,48,4.51166217940962,48,4.51166217940962,4.51166217940962,4.51166217940962,NA,NA,NA,0,NA,0,NA,NA,NA,NA,NA,NA,NA,NA,NA,2.58249511517397,NA,43,1.76460598287357,48,NA,1.76460598287357,1.76460598287357,NA,2.74705619653605,2.74705619653605,2.74705619653605,2.74705619653605,NA,43,1.76460598287357,48,NA,1.76460598287357,NA,2.74705619653605,1.76460598287357,2.74705619653605,2.74705619653605,2.74705619653605,5.85,NA,0.469582255818128,0.469582255818128
"D04_Jersey_Pasture","2016-08-21",4.72049746246674,48,4.72049746246674,48,4.72049746246674,4.72049746246674,4.72049746246674,NA,NA,NA,0,NA,0,NA,NA,NA,NA,NA,NA,NA,NA,NA,2.91734381057247,NA,42,1.98108948758237,48,NA,1.98108948758237,1.98108948758237,NA,2.73940797488437,2.73940797488437,2.73940797488437,2.73940797488437,NA,42,1.98108948758237,48,NA,1.98108948758237,NA,2.73940797488437,1.98108948758237,2.73940797488437,2.73940797488437,2.73940797488437,5.93,NA,0.4619574999805,0.4619574999805
"D04_Jersey_Pasture","2016-08-22",3.4056076364154,48,3.4056076364154,48,3.4056076364154,3.4056076364154,3.4056076364154,NA,NA,NA,4,NA,5,NA,NA,NA,NA,NA,NA,NA,NA,NA,1.59789856214949,NA,37,1.11284230093026,48,NA,1.11284230093026,1.11284230093026,NA,2.29276533548514,2.29276533548514,2.29276533548514,2.29276533548514,NA,37,1.0723374179884,48,NA,1.0723374179884,NA,2.333270218427,1.0723374179884,2.333270218427,2.333270218427,2.333270218427,5.77,NA,0.39735967686051,0.404379587249047
"D04_Jersey_Pasture","2016-08-23",4.56268373476686,48,4.56268373476686,48,4.56268373476686,4.56268373476686,4.56268373476686,NA,NA,NA,0,NA,0,NA,NA,NA,NA,NA,NA,NA,NA,NA,2.71071976221299,NA,45,1.8715761795945,48,NA,1.8715761795945,1.8715761795945,NA,2.69110755517236,2.69110755517236,2.69110755517236,2.69110755517236,NA,45,1.8715761795945,48,NA,1.8715761795945,NA,2.69110755517236,1.8715761795945,2.69110755517236,2.69110755517236,2.69110755517236,5.63,NA,0.477994237153173,0.477994237153173
"D04_Jersey_Pasture","2016-08-24",4.5810812057184,48,4.5810812057184,48,4.5810812057184,4.5810812057184,4.5810812057184,NA,NA,NA,0,NA,0,NA,NA,NA,NA,NA,NA,NA,NA,NA,2.79743381978583,NA,46,1.92808042422016,48,NA,1.92808042422016,1.92808042422016,NA,2.65300078149824,2.65300078149824,2.65300078149824,2.65300078149824,NA,46,1.92808042422016,48,NA,1.92808042422016,NA,2.65300078149824,1.92808042422016,2.65300078149824,2.65300078149824,2.65300078149824,5.54,NA,0.478881007490656,0.478881007490656
"D04_Jersey_Pasture","2016-08-25",4.58853687982152,48,4.58853687982152,48,4.58853687982152,4.58853687982152,4.58853687982152,NA,NA,NA,0,NA,0,NA,NA,NA,NA,NA,NA,NA,NA,NA,3.05078756519338,NA,40,2.09188176257187,48,NA,2.09188176257187,2.09188176257187,NA,2.49665511724965,2.49665511724965,2.49665511724965,2.49665511724965,NA,40,2.09188176257187,48,NA,2.09188176257187,NA,2.49665511724965,2.09188176257187,2.49665511724965,2.49665511724965,2.49665511724965,5.35,NA,0.46666450789713,0.46666450789713
"D04_Jersey_Pasture","2016-08-26",4.3266162861297,48,4.3266162861297,48,4.3266162861297,4.3266162861297,4.3266162861297,NA,NA,NA,0,NA,0,NA,NA,NA,NA,NA,NA,NA,NA,NA,2.75836557585326,NA,42,1.89496662428993,48,NA,1.89496662428993,1.89496662428993,NA,2.43164966183977,2.43164966183977,2.43164966183977,2.43164966183977,NA,42,1.89496662428993,48,NA,1.89496662428993,NA,2.43164966183977,1.89496662428993,2.43164966183977,2.43164966183977,2.43164966183977,5.05,NA,0.481514784522726,0.481514784522726
"D04_Jersey_Pasture","2016-08-27",4.4723575230075,48,4.4723575230075,48,4.4723575230075,4.4723575230075,4.4723575230075,NA,NA,NA,0,NA,0,NA,NA,NA,NA,NA,NA,NA,NA,NA,3.03730177162402,NA,45,2.08371178913771,48,NA,2.08371178913771,2.08371178913771,NA,2.38864573386979,2.38864573386979,2.38864573386979,2.38864573386979,NA,45,2.08371178913771,48,NA,2.08371178913771,NA,2.38864573386979,2.08371178913771,2.38864573386979,2.38864573386979,2.38864573386979,4.97,NA,0.480612823716255,0.480612823716255
"D04_Jersey_Pasture","2016-08-28",4.57822838914938,48,4.57822838914938,48,4.57822838914938,4.57822838914938,4.57822838914938,NA,NA,NA,0,NA,0,NA,NA,NA,NA,NA,NA,NA,NA,NA,2.51443198663551,NA,47,1.74666700140245,48,NA,1.74666700140245,1.74666700140245,NA,2.83156138774693,2.83156138774693,2.83156138774693,2.83156138774693,NA,47,1.74666700140245,48,NA,1.74666700140245,NA,2.83156138774693,1.74666700140245,2.83156138774693,2.83156138774693,2.83156138774693,5.33,NA,0.531249791322126,0.531249791322126
"D04_Jersey_Pasture","2016-08-29",4.3639938403272,48,4.3639938403272,48,4.3639938403272,4.3639938403272,4.3639938403272,NA,NA,NA,0,NA,0,NA,NA,NA,NA,NA,NA,NA,NA,NA,2.51037359227289,NA,47,1.731165508126,48,NA,1.731165508126,1.731165508126,NA,2.6328283322012,2.6328283322012,2.6328283322012,2.6328283322012,NA,47,1.731165508126,48,NA,1.731165508126,NA,2.6328283322012,1.731165508126,2.6328283322012,2.6328283322012,2.6328283322012,5.45,NA,0.483087767376367,0.483087767376367
"D04_Jersey_Pasture","2016-08-30",4.9240877654862,48,4.9240877654862,48,4.9240877654862,4.9240877654862,4.9240877654862,NA,NA,NA,0,NA,0,NA,NA,NA,NA,NA,NA,NA,NA,NA,2.03434006078702,NA,46,1.43345810216892,48,NA,1.43345810216892,1.43345810216892,NA,3.49062966331728,3.49062966331728,3.49062966331728,3.49062966331728,NA,46,1.43345810216892,48,NA,1.43345810216892,NA,3.49062966331728,1.43345810216892,3.49062966331728,3.49062966331728,3.49062966331728,5.93,NA,0.588639066326691,0.588639066326691
"D04_Jersey_Pasture","2016-08-31",4.520461608729,48,4.520461608729,48,4.520461608729,4.520461608729,4.520461608729,NA,NA,NA,0,NA,0,NA,NA,NA,NA,NA,NA,NA,NA,1.89318420328801,1.89318420328801,1.36545732147471,48,1.36545732147471,48,1.36545732147471,1.36545732147471,1.36545732147471,3.15500428725429,3.15500428725429,3.15500428725429,3.15500428725429,3.15500428725429,1.36545732147471,48,1.36545732147471,48,1.36545732147471,1.36545732147471,3.15500428725429,3.15500428725429,1.36545732147471,3.15500428725429,3.15500428725429,3.15500428725429,5.71,NA,0.552540155386041,0.552540155386041
"D04_Jersey_Pasture","2016-09-01",4.5126518121468,48,4.5126518121468,48,4.5126518121468,4.5126518121468,4.5126518121468,NA,NA,NA,0,NA,0,NA,NA,NA,NA,NA,NA,NA,NA,2.5215965989313,2.5215965989313,1.76984836599004,48,1.76984836599004,48,1.76984836599004,1.76984836599004,1.76984836599004,2.74280344615676,2.74280344615676,2.74280344615676,2.74280344615676,2.74280344615676,1.76984836599004,48,1.76984836599004,48,1.76984836599004,1.76984836599004,2.74280344615676,2.74280344615676,1.76984836599004,2.74280344615676,2.74280344615676,2.74280344615676,4.92,NA,0.557480375235114,0.557480375235114
"D04_Jersey_Pasture","2016-09-02",4.53720014076402,48,4.53720014076402,48,4.53720014076402,4.53720014076402,4.53720014076402,NA,NA,NA,0,NA,0,NA,NA,NA,NA,NA,NA,NA,NA,NA,1.97367181119276,NA,44,1.40160242166608,48,NA,1.40160242166608,1.40160242166608,NA,3.13559771909794,3.13559771909794,3.13559771909794,3.13559771909794,NA,44,1.40160242166608,48,NA,1.40160242166608,NA,3.13559771909794,1.40160242166608,3.13559771909794,3.13559771909794,3.13559771909794,5.07,NA,0.618461088579474,0.618461088579474
"D04_Jersey_Pasture","2016-09-03",4.4849134424421,48,4.4849134424421,48,4.4849134424421,4.4849134424421,4.4849134424421,NA,NA,NA,0,NA,0,NA,NA,NA,NA,NA,NA,NA,NA,2.43039787833392,2.43039787833392,1.69866050213916,48,1.69866050213916,48,1.69866050213916,1.69866050213916,1.69866050213916,2.78625294030294,2.78625294030294,2.78625294030294,2.78625294030294,2.78625294030294,1.69866050213916,48,1.69866050213916,48,1.69866050213916,1.69866050213916,2.78625294030294,2.78625294030294,1.69866050213916,2.78625294030294,2.78625294030294,2.78625294030294,4.96,NA,0.561744544415916,0.561744544415916
"D04_Jersey_Pasture","2016-09-04",4.2077905617438,48,4.2077905617438,48,4.2077905617438,4.2077905617438,4.2077905617438,NA,NA,NA,0,NA,0,NA,NA,NA,NA,NA,NA,NA,NA,1.28658772611273,1.28658772611273,0.950337500397176,48,0.950337500397176,48,0.950337500397176,0.950337500397176,0.950337500397176,3.25745306134662,3.25745306134662,3.25745306134662,3.25745306134662,3.25745306134662,0.950337500397176,48,0.950337500397176,48,0.950337500397176,0.950337500397176,3.25745306134662,3.25745306134662,0.950337500397176,3.25745306134662,3.25745306134662,3.25745306134662,4.49,NA,0.725490659542678,0.725490659542678
"D04_Jersey_Pasture","2016-09-05",4.1107374922698,48,4.1107374922698,48,4.1107374922698,4.1107374922698,4.1107374922698,NA,NA,NA,0,NA,0,NA,NA,NA,NA,NA,NA,NA,NA,NA,1.33751419482518,NA,47,1.01600183087173,48,NA,1.01600183087173,1.01600183087173,NA,3.09473566139807,3.09473566139807,3.09473566139807,3.09473566139807,NA,47,1.01600183087173,48,NA,1.01600183087173,NA,3.09473566139807,1.01600183087173,3.09473566139807,3.09473566139807,3.09473566139807,5.17,NA,0.598594905492858,0.598594905492858
"D04_Jersey_Pasture","2016-09-06",4.0075938100332,48,4.0075938100332,48,4.0075938100332,4.0075938100332,4.0075938100332,NA,NA,NA,0,NA,0,NA,NA,NA,NA,NA,NA,NA,NA,0.493321152898573,0.493321152898573,0.48363111424857,48,0.48363111424857,48,0.48363111424857,0.48363111424857,0.48363111424857,3.52396269578463,3.52396269578463,3.52396269578463,3.52396269578463,3.52396269578463,0.48363111424857,48,0.48363111424857,48,0.48363111424857,0.48363111424857,3.52396269578463,3.52396269578463,0.48363111424857,3.52396269578463,3.52396269578463,3.52396269578463,4.9,NA,0.71917606036421,0.71917606036421
"D04_Jersey_Pasture","2016-09-07",4.1577652513692,48,4.1577652513692,48,4.1577652513692,4.1577652513692,4.1577652513692,NA,NA,NA,0,NA,0,NA,NA,NA,NA,NA,NA,NA,NA,0.462816007289736,0.462816007289736,0.470475537537337,48,0.470475537537337,48,0.470475537537337,0.470475537537337,0.470475537537337,3.68728971383186,3.68728971383186,3.68728971383186,3.68728971383186,3.68728971383186,0.470475537537337,48,0.470475537537337,48,0.470475537537337,0.470475537537337,3.68728971383186,3.68728971383186,0.470475537537337,3.68728971383186,3.68728971383186,3.68728971383186,5.57,NA,0.661990971962632,0.661990971962632
"D04_Jersey_Pasture","2016-09-08",3.8716093086786,48,3.8716093086786,48,3.8716093086786,3.8716093086786,3.8716093086786,NA,NA,NA,0,NA,0,NA,NA,NA,NA,NA,NA,NA,NA,NA,1.92518595692074,NA,43,1.35297619517681,48,NA,1.35297619517681,1.35297619517681,NA,2.51863311350179,2.51863311350179,2.51863311350179,2.51863311350179,NA,43,1.35297619517681,48,NA,1.35297619517681,NA,2.51863311350179,1.35297619517681,2.51863311350179,2.51863311350179,2.51863311350179,5.37,NA,0.469019201769422,0.469019201769422
"D04_Jersey_Pasture","2016-09-09",4.1398828008696,48,4.1398828008696,48,4.1398828008696,4.1398828008696,4.1398828008696,NA,NA,NA,0,NA,0,NA,NA,NA,NA,NA,NA,NA,NA,NA,2.46764647782241,NA,42,1.70515431124014,48,NA,1.70515431124014,1.70515431124014,NA,2.43472848962946,2.43472848962946,2.43472848962946,2.43472848962946,NA,42,1.70515431124014,48,NA,1.70515431124014,NA,2.43472848962946,1.70515431124014,2.43472848962946,2.43472848962946,2.43472848962946,5.08,NA,0.479277261738083,0.479277261738083
"D04_Jersey_Pasture","2016-09-10",4.0292746282026,48,4.0292746282026,48,4.0292746282026,4.0292746282026,4.0292746282026,NA,NA,NA,0,NA,0,NA,NA,NA,NA,NA,NA,NA,NA,NA,2.43356783326512,NA,46,1.67563940285769,48,NA,1.67563940285769,1.67563940285769,NA,2.35363522534491,2.35363522534491,2.35363522534491,2.35363522534491,NA,46,1.67563940285769,48,NA,1.67563940285769,NA,2.35363522534491,1.67563940285769,2.35363522534491,2.35363522534491,2.35363522534491,5.09,NA,0.462403777081515,0.462403777081515
"D04_Jersey_Pasture","2016-09-11",3.865114614249,48,3.865114614249,48,3.865114614249,3.865114614249,3.865114614249,NA,NA,NA,0,NA,0,NA,NA,NA,NA,NA,NA,NA,NA,NA,2.53772188583815,NA,44,1.73422028830483,48,NA,1.73422028830483,1.73422028830483,NA,2.13089432594417,2.13089432594417,2.13089432594417,2.13089432594417,NA,44,1.73422028830483,48,NA,1.73422028830483,NA,2.13089432594417,1.73422028830483,2.13089432594417,2.13089432594417,2.13089432594417,4.55,NA,0.468328423284432,0.468328423284432
"D04_Jersey_Pasture","2016-09-12",3.7546239926124,48,3.7546239926124,48,3.7546239926124,3.7546239926124,3.7546239926124,NA,NA,NA,0,NA,0,NA,NA,NA,NA,NA,NA,NA,NA,2.5243730440568,2.5243730440568,1.76084025376761,48,1.76084025376761,48,1.76084025376761,1.76084025376761,1.76084025376761,1.99378373884479,1.99378373884479,1.99378373884479,1.99378373884479,1.99378373884479,1.76084025376761,48,1.76084025376761,48,1.76084025376761,1.76084025376761,1.99378373884479,1.99378373884479,1.76084025376761,1.99378373884479,1.99378373884479,1.99378373884479,4.19,NA,0.475843374425964,0.475843374425964
"D04_Jersey_Pasture","2016-09-13",3.7200933774324,48,3.7200933774324,48,3.7200933774324,3.7200933774324,3.7200933774324,NA,NA,NA,0,NA,0,NA,NA,NA,NA,NA,NA,NA,NA,1.80697458780933,1.80697458780933,1.26438539103133,48,1.26438539103133,48,1.26438539103133,1.26438539103133,1.26438539103133,2.45570798640107,2.45570798640107,2.45570798640107,2.45570798640107,2.45570798640107,1.26438539103133,48,1.26438539103133,48,1.26438539103133,1.26438539103133,2.45570798640107,2.45570798640107,1.26438539103133,2.45570798640107,2.45570798640107,2.45570798640107,3.81,NA,0.644542778582959,0.644542778582959
"D04_Jersey_Pasture","2016-09-14",3.82652040688686,48,3.82652040688686,48,3.82652040688686,3.82652040688686,3.82652040688686,NA,NA,NA,0,NA,0,NA,NA,NA,NA,NA,NA,NA,NA,1.84691358043387,1.84691358043387,1.30631822263258,48,1.30631822263258,48,1.30631822263258,1.30631822263258,1.30631822263258,2.52020218425428,2.52020218425428,2.52020218425428,2.52020218425428,2.52020218425428,1.30631822263258,48,1.30631822263258,48,1.30631822263258,1.30631822263258,2.52020218425428,2.52020218425428,1.30631822263258,2.52020218425428,2.52020218425428,2.52020218425428,4.16,NA,0.605817832753433,0.605817832753433
"D04_Jersey_Pasture","2016-09-15",3.7791113416326,48,3.7791113416326,48,3.7791113416326,3.7791113416326,3.7791113416326,NA,NA,NA,0,NA,0,NA,NA,NA,NA,NA,NA,NA,NA,NA,1.82156556689297,NA,46,1.30257617609164,48,NA,1.30257617609164,1.30257617609164,NA,2.47653516554096,2.47653516554096,2.47653516554096,2.47653516554096,NA,46,1.30257617609164,48,NA,1.30257617609164,NA,2.47653516554096,1.30257617609164,2.47653516554096,2.47653516554096,2.47653516554096,4.47,NA,0.554034712648985,0.554034712648985
"D04_Jersey_Pasture","2016-09-16",3.65011671842316,48,3.65011671842316,48,3.65011671842316,3.65011671842316,3.65011671842316,NA,NA,NA,0,NA,0,NA,NA,NA,NA,NA,NA,NA,NA,NA,1.68991884787531,NA,47,1.21083844243921,48,NA,1.21083844243921,1.21083844243921,NA,2.43927827598395,2.43927827598395,2.43927827598395,2.43927827598395,NA,47,1.21083844243921,48,NA,1.21083844243921,NA,2.43927827598395,1.21083844243921,2.43927827598395,2.43927827598395,2.43927827598395,4.63,NA,0.526841960255712,0.526841960255712
"D04_Jersey_Pasture","2016-09-17",3.71491966270692,48,3.71491966270692,48,3.71491966270692,3.71491966270692,3.71491966270692,NA,NA,NA,0,NA,0,NA,NA,NA,NA,NA,NA,NA,NA,1.03443029091587,1.03443029091587,0.819375510567772,48,0.819375510567772,48,0.819375510567772,0.819375510567772,0.819375510567772,2.89554415213915,2.89554415213915,2.89554415213915,2.89554415213915,2.89554415213915,0.819375510567772,48,0.819375510567772,48,0.819375510567772,0.819375510567772,2.89554415213915,2.89554415213915,0.819375510567772,2.89554415213915,2.89554415213915,2.89554415213915,4.66,NA,0.621361406038444,0.621361406038444
"D04_Jersey_Pasture","2016-09-18",4.0137689125989,48,4.0137689125989,48,4.0137689125989,4.0137689125989,4.0137689125989,NA,NA,NA,0,NA,0,NA,NA,NA,NA,NA,NA,NA,NA,NA,0.681413671027523,NA,46,0.505660221667667,48,NA,0.505660221667667,0.505660221667667,NA,3.50810869093123,3.50810869093123,3.50810869093123,3.50810869093123,NA,46,0.505660221667667,48,NA,0.505660221667667,NA,3.50810869093123,0.505660221667667,3.50810869093123,3.50810869093123,3.50810869093123,4.59,NA,0.764293832446892,0.764293832446892
"D04_Jersey_Pasture","2016-09-19",3.45919400831718,48,3.45919400831718,48,3.45919400831718,3.45919400831718,3.45919400831718,NA,NA,NA,0,NA,0,NA,NA,NA,NA,NA,NA,NA,NA,NA,0.041180231963562,NA,47,0.125323550934305,48,NA,0.125323550934305,0.125323550934305,NA,3.33387045738288,3.33387045738288,3.33387045738288,3.33387045738288,NA,47,0.125323550934305,48,NA,0.125323550934305,NA,3.33387045738288,0.125323550934305,3.33387045738288,3.33387045738288,3.33387045738288,5,NA,0.666774091476575,0.666774091476575
"D04_Jersey_Pasture","2016-09-20",3.66818210771382,48,3.66818210771382,48,3.66818210771382,3.66818210771382,3.66818210771382,NA,NA,NA,0,NA,0,NA,NA,NA,NA,NA,NA,NA,NA,0.970265543482838,0.970265543482838,0.785424697221185,48,0.785424697221185,48,0.785424697221185,0.785424697221185,0.785424697221185,2.88275741049263,2.88275741049263,2.88275741049263,2.88275741049263,2.88275741049263,0.785424697221185,48,0.785424697221185,48,0.785424697221185,0.785424697221185,2.88275741049263,2.88275741049263,0.785424697221185,2.88275741049263,2.88275741049263,2.88275741049263,5.45,NA,0.52894631385186,0.52894631385186
"D04_Jersey_Pasture","2016-09-21",2.97696074283756,48,2.97696074283756,48,2.97696074283756,2.97696074283756,2.97696074283756,NA,NA,NA,0,NA,0,NA,NA,NA,NA,NA,NA,NA,NA,NA,0.398186466272343,NA,47,0.404898720226046,48,NA,0.404898720226046,0.404898720226046,NA,2.57206202261151,2.57206202261151,2.57206202261151,2.57206202261151,NA,47,0.404898720226046,48,NA,0.404898720226046,NA,2.57206202261151,0.404898720226046,2.57206202261151,2.57206202261151,2.57206202261151,5.39,NA,0.477191469872266,0.477191469872266
"D04_Jersey_Pasture","2016-09-22",3.206057415372,48,3.206057415372,48,3.206057415372,3.206057415372,3.206057415372,NA,NA,NA,0,NA,0,NA,NA,NA,NA,NA,NA,NA,NA,1.83044854332979,1.83044854332979,1.31559750493431,48,1.31559750493431,48,1.31559750493431,1.31559750493431,1.31559750493431,1.89045991043769,1.89045991043769,1.89045991043769,1.89045991043769,1.89045991043769,1.31559750493431,48,1.31559750493431,48,1.31559750493431,1.31559750493431,1.89045991043769,1.89045991043769,1.31559750493431,1.89045991043769,1.89045991043769,1.89045991043769,4.31,NA,0.438621788964661,0.438621788964661
"D04_Jersey_Pasture","2016-09-23",3.3471847743066,48,3.3471847743066,48,3.3471847743066,3.3471847743066,3.3471847743066,NA,NA,NA,0,NA,0,NA,NA,NA,NA,NA,NA,NA,NA,NA,1.55658138627253,NA,47,1.1578297431546,48,NA,1.1578297431546,1.1578297431546,NA,2.189355031152,2.189355031152,2.189355031152,2.189355031152,NA,47,1.1578297431546,48,NA,1.1578297431546,NA,2.189355031152,1.1578297431546,2.189355031152,2.189355031152,2.189355031152,4.38,NA,0.499852746838355,0.499852746838355
"D04_Jersey_Pasture","2016-09-24",3.43035065892672,48,3.43035065892672,48,3.43035065892672,3.43035065892672,3.43035065892672,NA,NA,NA,0,NA,0,NA,NA,NA,NA,NA,NA,NA,NA,NA,1.36545534359322,NA,47,0.999909007740915,48,NA,0.999909007740915,0.999909007740915,NA,2.43044165118581,2.43044165118581,2.43044165118581,2.43044165118581,NA,47,0.999909007740915,48,NA,0.999909007740915,NA,2.43044165118581,0.999909007740915,2.43044165118581,2.43044165118581,2.43044165118581,4.4,NA,0.552373102542228,0.552373102542228
"D04_Jersey_Pasture","2016-09-25",3.6812794965822,48,3.6812794965822,48,3.6812794965822,3.6812794965822,3.6812794965822,NA,NA,NA,0,NA,0,NA,NA,NA,NA,NA,NA,NA,NA,0.936040359631447,0.936040359631447,0.674395013960546,48,0.674395013960546,48,0.674395013960546,0.674395013960546,0.674395013960546,3.00688448262165,3.00688448262165,3.00688448262165,3.00688448262165,3.00688448262165,0.674395013960546,48,0.674395013960546,48,0.674395013960546,0.674395013960546,3.00688448262165,3.00688448262165,0.674395013960546,3.00688448262165,3.00688448262165,3.00688448262165,4.11,NA,0.731602063898213,0.731602063898213
"D04_Jersey_Pasture","2016-09-26",3.63923737055964,48,3.63923737055964,48,3.63923737055964,3.63923737055964,3.63923737055964,NA,NA,NA,0,NA,0,NA,NA,NA,NA,NA,NA,NA,NA,NA,0.654509121570721,NA,47,0.508278835728689,48,NA,0.508278835728689,0.508278835728689,NA,3.13095853483095,3.13095853483095,3.13095853483095,3.13095853483095,NA,47,0.508278835728689,48,NA,0.508278835728689,NA,3.13095853483095,0.508278835728689,3.13095853483095,3.13095853483095,3.13095853483095,4.37,NA,0.716466483943009,0.716466483943009
"D04_Jersey_Pasture","2016-09-27",3.47399441773848,48,3.47399441773848,48,3.47399441773848,3.47399441773848,3.47399441773848,NA,NA,NA,0,NA,0,NA,NA,NA,NA,NA,NA,NA,NA,-0.427499031696641,-0.427499031696641,-0.137150898023292,48,-0.137150898023292,48,-0.137150898023292,-0.137150898023292,-0.137150898023292,3.61114531576177,3.61114531576177,3.61114531576177,3.61114531576177,3.61114531576177,-0.137150898023292,48,-0.137150898023292,48,-0.137150898023292,-0.137150898023292,3.61114531576177,3.61114531576177,-0.137150898023292,3.61114531576177,3.61114531576177,3.61114531576177,4.48,NA,0.806059222268253,0.806059222268253
"D04_Jersey_Pasture","2016-09-28",3.2087243543742,48,3.2087243543742,48,3.2087243543742,3.2087243543742,3.2087243543742,NA,NA,NA,0,NA,0,NA,NA,NA,NA,NA,NA,NA,NA,NA,1.52711168859917,NA,47,1.10352999081533,48,NA,1.10352999081533,1.10352999081533,NA,2.10519436355887,2.10519436355887,2.10519436355887,2.10519436355887,NA,47,1.10352999081533,48,NA,1.10352999081533,NA,2.10519436355887,1.10352999081533,2.10519436355887,2.10519436355887,2.10519436355887,4.36,NA,0.48284274393552,0.48284274393552
"D04_Jersey_Pasture","2016-09-29",3.0595520967966,48,3.0595520967966,48,3.0595520967966,3.0595520967966,3.0595520967966,NA,NA,NA,0,NA,0,NA,NA,NA,NA,NA,NA,NA,NA,NA,2.1923495311296,NA,45,1.51693850165632,48,NA,1.51693850165632,1.51693850165632,NA,1.54261359514028,1.54261359514028,1.54261359514028,1.54261359514028,NA,45,1.51693850165632,48,NA,1.51693850165632,NA,1.54261359514028,1.51693850165632,1.54261359514028,1.54261359514028,1.54261359514028,4.25,NA,0.362967904738889,0.362967904738889
"D04_Jersey_Pasture","2016-09-30",2.8594728961164,48,2.8594728961164,48,2.8594728961164,2.8594728961164,2.8594728961164,NA,NA,NA,0,NA,0,NA,NA,NA,NA,NA,NA,NA,NA,NA,1.84497099861317,NA,47,1.30613521256822,48,NA,1.30613521256822,1.30613521256822,NA,1.55333768354818,1.55333768354818,1.55333768354818,1.55333768354818,NA,47,1.30613521256822,48,NA,1.30613521256822,NA,1.55333768354818,1.30613521256822,1.55333768354818,1.55333768354818,1.55333768354818,4.16,NA,0.373398481622159,0.373398481622159
"D04_Jersey_Pasture","2016-10-01",2.5574402173824,48,2.5574402173824,48,2.5574402173824,2.5574402173824,2.5574402173824,NA,NA,NA,0,NA,0,NA,NA,NA,NA,NA,NA,NA,NA,1.61493313656559,1.61493313656559,1.18634429598406,48,1.18634429598406,48,1.18634429598406,1.18634429598406,1.18634429598406,1.37109592139834,1.37109592139834,1.37109592139834,1.37109592139834,1.37109592139834,1.18634429598406,48,1.18634429598406,48,1.18634429598406,1.18634429598406,1.37109592139834,1.37109592139834,1.18634429598406,1.37109592139834,1.37109592139834,1.37109592139834,3.84,NA,0.357056229530818,0.357056229530818
"D04_Jersey_Pasture","2016-10-02",1.727081779455,48,1.727081779455,48,1.727081779455,1.727081779455,1.727081779455,NA,NA,NA,0,NA,0,NA,NA,NA,NA,NA,NA,NA,NA,-0.126626768884724,-0.126626768884724,0.106302514574578,48,0.106302514574578,48,0.106302514574578,0.106302514574578,0.106302514574578,1.62077926488042,1.62077926488042,1.62077926488042,1.62077926488042,1.62077926488042,0.106302514574578,48,0.106302514574578,48,0.106302514574578,0.106302514574578,1.62077926488042,1.62077926488042,0.106302514574578,1.62077926488042,1.62077926488042,1.62077926488042,3.35,NA,0.483814705934454,0.483814705934454
"D04_Jersey_Pasture","2016-10-03",0.5512629040002,48,0.5512629040002,48,0.5512629040002,0.5512629040002,0.5512629040002,NA,NA,NA,0,NA,0,NA,NA,NA,NA,NA,NA,NA,NA,NA,0.0562051540890844,NA,47,0.129410087309577,48,NA,0.129410087309577,0.129410087309577,NA,0.421852816690623,0.421852816690623,0.421852816690623,0.421852816690623,NA,47,0.129410087309577,48,NA,0.129410087309577,NA,0.421852816690623,0.129410087309577,0.421852816690623,0.421852816690623,0.421852816690623,1.8,NA,0.234362675939235,0.234362675939235
"D04_Jersey_Pasture","2016-10-04",3.12650695963062,48,3.12650695963062,48,3.12650695963062,3.12650695963062,3.12650695963062,NA,NA,NA,0,NA,0,NA,NA,NA,NA,NA,NA,NA,NA,NA,1.15877610840897,NA,47,0.928959703748786,48,NA,0.928959703748786,0.928959703748786,NA,2.19754725588183,2.19754725588183,2.19754725588183,2.19754725588183,NA,47,0.928959703748786,48,NA,0.928959703748786,NA,2.19754725588183,0.928959703748786,2.19754725588183,2.19754725588183,2.19754725588183,3.05,NA,0.720507297010437,0.720507297010437
"D04_Jersey_Pasture","2016-10-05",2.7000149233788,48,2.7000149233788,48,2.7000149233788,2.7000149233788,2.7000149233788,NA,NA,NA,0,NA,0,NA,NA,NA,NA,NA,NA,NA,NA,NA,0.979020134977763,NA,47,0.845255914288898,48,NA,0.845255914288898,0.845255914288898,NA,1.8547590090899,1.8547590090899,1.8547590090899,1.8547590090899,NA,47,0.845255914288898,48,NA,0.845255914288898,NA,1.8547590090899,0.845255914288898,1.8547590090899,1.8547590090899,1.8547590090899,3.58,NA,0.51808910868433,0.51808910868433
"D04_Jersey_Pasture","2016-10-06",2.57490830049984,48,2.57490830049984,48,2.57490830049984,2.57490830049984,2.57490830049984,NA,NA,NA,0,NA,0,NA,NA,NA,NA,NA,NA,NA,NA,0.677679779223259,0.677679779223259,0.652576364686714,48,0.652576364686714,48,0.652576364686714,0.652576364686714,0.652576364686714,1.92233193581313,1.92233193581313,1.92233193581313,1.92233193581313,1.92233193581313,0.652576364686714,48,0.652576364686714,48,0.652576364686714,0.652576364686714,1.92233193581313,1.92233193581313,0.652576364686714,1.92233193581313,1.92233193581313,1.92233193581313,3.65,NA,0.526666283784418,0.526666283784418
"D04_Jersey_Pasture","2016-10-07",2.92143184015842,48,2.92143184015842,48,2.92143184015842,2.92143184015842,2.92143184015842,NA,NA,NA,0,NA,0,NA,NA,NA,NA,NA,NA,NA,NA,NA,1.21416977567978,NA,46,0.85873287443855,48,NA,0.85873287443855,0.85873287443855,NA,2.06269896571987,2.06269896571987,2.06269896571987,2.06269896571987,NA,46,0.85873287443855,48,NA,0.85873287443855,NA,2.06269896571987,0.85873287443855,2.06269896571987,2.06269896571987,2.06269896571987,3.43,NA,0.601369960851274,0.601369960851274
"D04_Jersey_Pasture","2016-10-08",3.14815692065454,48,3.14815692065454,48,3.14815692065454,3.14815692065454,3.14815692065454,NA,NA,NA,0,NA,0,NA,NA,NA,NA,NA,NA,NA,NA,NA,1.09059420268047,NA,47,0.756145235732416,48,NA,0.756145235732416,0.756145235732416,NA,2.39201168492212,2.39201168492212,2.39201168492212,2.39201168492212,NA,47,0.756145235732416,48,NA,0.756145235732416,NA,2.39201168492212,0.756145235732416,2.39201168492212,2.39201168492212,2.39201168492212,3.25,NA,0.736003595360653,0.736003595360653
"D04_Jersey_Pasture","2016-10-09",2.7331643139516,48,2.7331643139516,48,2.7331643139516,2.7331643139516,2.7331643139516,NA,NA,NA,0,NA,0,NA,NA,NA,NA,NA,NA,NA,NA,NA,-1.15752320641224,NA,45,-0.538471356476999,48,NA,-0.538471356476999,-0.538471356476999,NA,3.2716356704286,3.2716356704286,3.2716356704286,3.2716356704286,NA,45,-0.538471356476999,48,NA,-0.538471356476999,NA,3.2716356704286,-0.538471356476999,3.2716356704286,3.2716356704286,3.2716356704286,3.61,NA,0.906270268816786,0.906270268816786
"D04_Jersey_Pasture","2016-10-10",2.38707644779944,48,2.38707644779944,48,2.38707644779944,2.38707644779944,2.38707644779944,NA,NA,NA,0,NA,0,NA,NA,NA,NA,NA,NA,NA,NA,NA,1.44813174213742,NA,45,1.1199806337371,48,NA,1.1199806337371,1.1199806337371,NA,1.26709581406234,1.26709581406234,1.26709581406234,1.26709581406234,NA,45,1.1199806337371,48,NA,1.1199806337371,NA,1.26709581406234,1.1199806337371,1.26709581406234,1.26709581406234,1.26709581406234,3.82,NA,0.331700474885429,0.331700474885429
"D04_Jersey_Pasture","2016-10-11",2.3528720367288,48,2.3528720367288,48,2.3528720367288,2.3528720367288,2.3528720367288,NA,NA,NA,0,NA,0,NA,NA,NA,NA,NA,NA,NA,NA,2.01116447787902,2.01116447787902,1.46422541988698,48,1.46422541988698,48,1.46422541988698,1.46422541988698,1.46422541988698,0.888646616841817,0.888646616841817,0.888646616841817,0.888646616841817,0.888646616841817,1.46422541988698,48,1.46422541988698,48,1.46422541988698,1.46422541988698,0.888646616841817,0.888646616841817,1.46422541988698,0.888646616841817,0.888646616841817,0.888646616841817,3.06,NA,0.290407391124777,0.290407391124777
"D04_Jersey_Pasture","2016-10-12",2.3940442851264,48,2.3940442851264,48,2.3940442851264,2.3940442851264,2.3940442851264,NA,NA,NA,0,NA,0,NA,NA,NA,NA,NA,NA,NA,NA,NA,1.239321042665,NA,47,0.970767855763865,48,NA,0.970767855763865,0.970767855763865,NA,1.42327642936253,1.42327642936253,1.42327642936253,1.42327642936253,NA,47,0.970767855763865,48,NA,0.970767855763865,NA,1.42327642936253,0.970767855763865,1.42327642936253,1.42327642936253,1.42327642936253,2.79,NA,0.510134920918471,0.510134920918471
"D04_Jersey_Pasture","2016-10-13",1.99721257792632,48,1.99721257792632,48,1.99721257792632,1.99721257792632,1.99721257792632,NA,NA,NA,0,NA,0,NA,NA,NA,NA,NA,NA,NA,NA,1.56703459435875,1.56703459435875,1.1469760204816,48,1.1469760204816,48,1.1469760204816,1.1469760204816,1.1469760204816,0.850236557444722,0.850236557444722,0.850236557444722,0.850236557444722,0.850236557444722,1.1469760204816,48,1.1469760204816,48,1.1469760204816,1.1469760204816,0.850236557444722,0.850236557444722,1.1469760204816,0.850236557444722,0.850236557444722,0.850236557444722,2.72,NA,0.312586969648795,0.312586969648795
"D04_Jersey_Pasture","2016-10-14",-0.12688311282588,48,-0.12688311282588,48,-0.12688311282588,-0.12688311282588,-0.12688311282588,NA,NA,NA,0,NA,0,NA,NA,NA,NA,NA,NA,NA,NA,-0.156014428098057,-0.156014428098057,-0.0526127914098736,48,-0.0526127914098736,48,-0.0526127914098736,-0.0526127914098736,-0.0526127914098736,-0.0742703214160065,-0.0742703214160065,-0.0742703214160065,-0.0742703214160065,-0.0742703214160065,-0.0526127914098736,48,-0.0526127914098736,48,-0.0526127914098736,-0.0526127914098736,-0.0742703214160065,-0.0742703214160065,-0.0526127914098736,-0.0742703214160065,-0.0742703214160065,-0.0742703214160065,1.45,NA,-0.0512209113213838,-0.0512209113213838
"D04_Jersey_Pasture","2016-10-15",1.91013297868782,48,1.91013297868782,48,1.91013297868782,1.91013297868782,1.91013297868782,NA,NA,NA,0,NA,0,NA,NA,NA,NA,NA,NA,NA,NA,NA,0.408850894422763,NA,47,0.339810662404784,48,NA,0.339810662404784,0.339810662404784,NA,1.57032231628304,1.57032231628304,1.57032231628304,1.57032231628304,NA,47,0.339810662404784,48,NA,0.339810662404784,NA,1.57032231628304,0.339810662404784,1.57032231628304,1.57032231628304,1.57032231628304,2.3,NA,0.682748833166538,0.682748833166538
"D04_Jersey_Pasture","2016-10-16",-0.049077555192,48,-0.049077555192,48,-0.049077555192,-0.049077555192,-0.049077555192,NA,NA,NA,0,NA,0,NA,NA,NA,NA,NA,NA,NA,NA,NA,-0.745475470335674,NA,47,-0.384969023739294,48,NA,-0.384969023739294,-0.384969023739294,NA,0.335891468547294,0.335891468547294,0.335891468547294,0.335891468547294,NA,47,-0.384969023739294,48,NA,-0.384969023739294,NA,0.335891468547294,-0.384969023739294,0.335891468547294,0.335891468547294,0.335891468547294,1.39,NA,0.241648538523233,0.241648538523233
"D04_Jersey_Pasture","2016-10-17",2.4226753079682,48,2.4226753079682,48,2.4226753079682,2.4226753079682,2.4226753079682,NA,NA,NA,0,NA,0,NA,NA,NA,NA,NA,NA,NA,NA,0.182750858866356,0.182750858866356,0.317945972156075,48,0.317945972156075,48,0.317945972156075,0.317945972156075,0.317945972156075,2.10472933581213,2.10472933581213,2.10472933581213,2.10472933581213,2.10472933581213,0.317945972156075,48,0.317945972156075,48,0.317945972156075,0.317945972156075,2.10472933581213,2.10472933581213,0.317945972156075,2.10472933581213,2.10472933581213,2.10472933581213,2.29,NA,0.919095779830622,0.919095779830622
"D04_Jersey_Pasture","2016-10-18",2.02223992699242,48,2.02223992699242,48,2.02223992699242,2.02223992699242,2.02223992699242,NA,NA,NA,0,NA,0,NA,NA,NA,NA,NA,NA,NA,NA,1.27765217667333,1.27765217667333,1.06622142253541,48,1.06622142253541,48,1.06622142253541,1.06622142253541,1.06622142253541,0.956018504457012,0.956018504457012,0.956018504457012,0.956018504457012,0.956018504457012,1.06622142253541,48,1.06622142253541,48,1.06622142253541,1.06622142253541,0.956018504457012,0.956018504457012,1.06622142253541,0.956018504457012,0.956018504457012,0.956018504457012,2.74,NA,0.348911862940515,0.348911862940515
"D04_Jersey_Pasture","2016-10-19",2.16820965368556,48,2.16820965368556,48,2.16820965368556,2.16820965368556,2.16820965368556,NA,NA,NA,0,NA,0,NA,NA,NA,NA,NA,NA,NA,NA,1.74487979119824,1.74487979119824,1.28620624154521,48,1.28620624154521,48,1.28620624154521,1.28620624154521,1.28620624154521,0.882003412140348,0.882003412140348,0.882003412140348,0.882003412140348,0.882003412140348,1.28620624154521,48,1.28620624154521,48,1.28620624154521,1.28620624154521,0.882003412140348,0.882003412140348,1.28620624154521,0.882003412140348,0.882003412140348,0.882003412140348,3.08,NA,0.286364744201412,0.286364744201412
"D04_Jersey_Pasture","2016-10-20",2.68805116725984,48,2.68805116725984,48,2.68805116725984,2.68805116725984,2.68805116725984,NA,NA,NA,0,NA,0,NA,NA,NA,NA,NA,NA,NA,NA,NA,1.87964049378174,NA,46,1.29682988163008,48,NA,1.29682988163008,1.29682988163008,NA,1.39122128562976,1.39122128562976,1.39122128562976,1.39122128562976,NA,46,1.29682988163008,48,NA,1.29682988163008,NA,1.39122128562976,1.29682988163008,1.39122128562976,1.39122128562976,1.39122128562976,2.71,NA,0.513365788055262,0.513365788055262
"D04_Jersey_Pasture","2016-10-21",2.43876583994814,48,2.43876583994814,48,2.43876583994814,2.43876583994814,2.43876583994814,NA,NA,NA,0,NA,0,NA,NA,NA,NA,NA,NA,NA,NA,NA,0.3526382931514,NA,46,0.317394513065924,48,NA,0.317394513065924,0.317394513065924,NA,2.12137132688222,2.12137132688222,2.12137132688222,2.12137132688222,NA,46,0.317394513065924,48,NA,0.317394513065924,NA,2.12137132688222,0.317394513065924,2.12137132688222,2.12137132688222,2.12137132688222,2.53,NA,0.838486690467279,0.838486690467279
"D04_Jersey_Pasture","2016-10-22",1.99212482239182,48,1.99212482239182,48,1.99212482239182,1.99212482239182,1.99212482239182,NA,NA,NA,0,NA,0,NA,NA,NA,NA,NA,NA,NA,NA,0.749741979535402,0.749741979535402,0.678878672450996,48,0.678878672450996,48,0.678878672450996,0.678878672450996,0.678878672450996,1.31324614994082,1.31324614994082,1.31324614994082,1.31324614994082,1.31324614994082,0.678878672450996,48,0.678878672450996,48,0.678878672450996,0.678878672450996,1.31324614994082,1.31324614994082,0.678878672450996,1.31324614994082,1.31324614994082,1.31324614994082,2.23,NA,0.588899618807545,0.588899618807545
"D04_Jersey_Pasture","2016-10-23",2.3259895854642,48,2.3259895854642,48,2.3259895854642,2.3259895854642,2.3259895854642,NA,NA,NA,0,NA,0,NA,NA,NA,NA,NA,NA,NA,NA,NA,1.17445742051252,NA,47,0.885805114502167,48,NA,0.885805114502167,0.885805114502167,NA,1.44018447096203,1.44018447096203,1.44018447096203,1.44018447096203,NA,47,0.885805114502167,48,NA,0.885805114502167,NA,1.44018447096203,0.885805114502167,1.44018447096203,1.44018447096203,1.44018447096203,2.46,NA,0.585440841854485,0.585440841854485
"D04_Jersey_Pasture","2016-10-24",0.1638918506655,48,0.1638918506655,48,0.1638918506655,0.1638918506655,0.1638918506655,NA,NA,NA,0,NA,0,NA,NA,NA,NA,NA,NA,NA,NA,0.151112058682623,0.151112058682623,0.16235912497556,48,0.16235912497556,48,0.16235912497556,0.16235912497556,0.16235912497556,0.00153272568993984,0.00153272568993984,0.00153272568993984,0.00153272568993984,0.00153272568993984,0.16235912497556,48,0.16235912497556,48,0.16235912497556,0.16235912497556,0.00153272568993984,0.00153272568993984,0.16235912497556,0.00153272568993984,0.00153272568993984,0.00153272568993984,1.93,NA,0.000794158388569865,0.000794158388569865
"D04_Jersey_Pasture","2016-10-25",0.73890961382772,48,0.73890961382772,48,0.73890961382772,0.73890961382772,0.73890961382772,NA,NA,NA,0,NA,0,NA,NA,NA,NA,NA,NA,NA,NA,NA,0.900592029439723,NA,47,0.648717632786672,48,NA,0.648717632786672,0.648717632786672,NA,0.0901919810410481,0.0901919810410481,0.0901919810410481,0.0901919810410481,NA,47,0.648717632786672,48,NA,0.648717632786672,NA,0.0901919810410481,0.648717632786672,0.0901919810410481,0.0901919810410481,0.0901919810410481,1.96,NA,0.0460163168576776,0.0460163168576776
"D04_Jersey_Pasture","2016-10-26",2.02052294725464,48,2.02052294725464,48,2.02052294725464,2.02052294725464,2.02052294725464,NA,NA,NA,0,NA,0,NA,NA,NA,NA,NA,NA,NA,NA,NA,0.66754487980284,NA,45,0.534768386788646,48,NA,0.534768386788646,0.534768386788646,NA,1.48575456046599,1.48575456046599,1.48575456046599,1.48575456046599,NA,45,0.534768386788646,48,NA,0.534768386788646,NA,1.48575456046599,0.534768386788646,1.48575456046599,1.48575456046599,1.48575456046599,2.22,NA,0.669258811020718,0.669258811020718
"D04_Jersey_Pasture","2016-10-27",0.20579952769704,48,0.20579952769704,48,0.20579952769704,0.20579952769704,0.20579952769704,NA,NA,NA,0,NA,0,NA,NA,NA,NA,NA,NA,NA,NA,NA,0.499678302405702,NA,42,0.348976786845086,48,NA,0.348976786845086,0.348976786845086,NA,-0.143177259148046,-0.143177259148046,-0.143177259148046,-0.143177259148046,NA,42,0.348976786845086,48,NA,0.348976786845086,NA,-0.143177259148046,0.348976786845086,-0.143177259148046,-0.143177259148046,-0.143177259148046,1.11,NA,-0.128988521754996,-0.128988521754996
"D04_Jersey_Pasture","2016-10-28",0.84808145984202,48,0.84808145984202,48,0.84808145984202,0.84808145984202,0.84808145984202,NA,NA,NA,0,NA,0,NA,NA,NA,NA,NA,NA,NA,NA,NA,0.249405737187862,NA,42,0.183169607179293,48,NA,0.183169607179293,0.183169607179293,NA,0.664911852662727,0.664911852662727,0.664911852662727,0.664911852662727,NA,42,0.183169607179293,48,NA,0.183169607179293,NA,0.664911852662727,0.183169607179293,0.664911852662727,0.664911852662727,0.664911852662727,1.21,NA,0.549513927820435,0.549513927820435
"D04_Jersey_Pasture","2016-10-29",1.71507981925116,48,1.71507981925116,48,1.71507981925116,1.71507981925116,1.71507981925116,NA,NA,NA,0,NA,0,NA,NA,NA,NA,NA,NA,NA,NA,NA,0.503533293727912,NA,44,0.399829524043586,48,NA,0.399829524043586,0.399829524043586,NA,1.31525029520757,1.31525029520757,1.31525029520757,1.31525029520757,NA,44,0.399829524043586,48,NA,0.399829524043586,NA,1.31525029520757,0.399829524043586,1.31525029520757,1.31525029520757,1.31525029520757,1.77,NA,0.743079262829138,0.743079262829138
"D04_Jersey_Pasture","2016-10-30",0.73286675617122,48,0.73286675617122,48,0.73286675617122,0.73286675617122,0.73286675617122,NA,NA,NA,0,NA,0,NA,NA,NA,NA,NA,NA,NA,NA,-0.280866540594028,-0.280866540594028,-0.106055581282732,48,-0.106055581282732,48,-0.106055581282732,-0.106055581282732,-0.106055581282732,0.838922337453952,0.838922337453952,0.838922337453952,0.838922337453952,0.838922337453952,-0.106055581282732,48,-0.106055581282732,48,-0.106055581282732,-0.106055581282732,0.838922337453952,0.838922337453952,-0.106055581282732,0.838922337453952,0.838922337453952,0.838922337453952,1.59,NA,0.527624111606259,0.527624111606259
"D04_Jersey_Pasture","2016-10-31",1.359183789,48,1.359183789,48,1.359183789,1.359183789,1.359183789,NA,NA,NA,0,NA,0,NA,NA,NA,NA,NA,NA,NA,NA,0.199139316787603,0.199139316787603,0.198864692113866,48,0.198864692113866,48,0.198864692113866,0.198864692113866,0.198864692113866,1.16031909688613,1.16031909688613,1.16031909688613,1.16031909688613,1.16031909688613,0.198864692113866,48,0.198864692113866,48,0.198864692113866,0.198864692113866,1.16031909688613,1.16031909688613,0.198864692113866,1.16031909688613,1.16031909688613,1.16031909688613,1.49,NA,0.778737648916869,0.778737648916869
"D04_Jersey_Pasture","2016-11-01",2.10325756653198,48,2.10325756653198,48,2.10325756653198,2.10325756653198,2.10325756653198,NA,NA,NA,0,NA,0,NA,NA,NA,NA,NA,NA,NA,NA,1.34321506849465,1.34321506849465,1.00051125221797,48,1.00051125221797,48,1.00051125221797,1.00051125221797,1.00051125221797,1.10274631431401,1.10274631431401,1.10274631431401,1.10274631431401,1.10274631431401,1.00051125221797,48,1.00051125221797,48,1.00051125221797,1.00051125221797,1.10274631431401,1.10274631431401,1.00051125221797,1.10274631431401,1.10274631431401,1.10274631431401,1.69,NA,0.652512612020122,0.652512612020122
"D04_Jersey_Pasture","2016-11-02",1.96476482006622,48,1.96476482006622,48,1.96476482006622,1.96476482006622,1.96476482006622,NA,NA,NA,0,NA,0,NA,NA,NA,NA,NA,NA,NA,NA,NA,1.2024700523916,NA,47,0.881630779302969,48,NA,0.881630779302969,0.881630779302969,NA,1.08313404076325,1.08313404076325,1.08313404076325,1.08313404076325,NA,47,0.881630779302969,48,NA,0.881630779302969,NA,1.08313404076325,0.881630779302969,1.08313404076325,1.08313404076325,1.08313404076325,1.63,NA,0.664499411511197,0.664499411511197
"D04_Jersey_Pasture","2016-11-03",1.87230064894146,48,1.87230064894146,48,1.87230064894146,1.87230064894146,1.87230064894146,NA,NA,NA,0,NA,0,NA,NA,NA,NA,NA,NA,NA,NA,NA,1.42088905594143,NA,46,1.00671959460321,48,NA,1.00671959460321,1.00671959460321,NA,0.865581054338247,0.865581054338247,0.865581054338247,0.865581054338247,NA,46,1.00671959460321,48,NA,1.00671959460321,NA,0.865581054338247,1.00671959460321,0.865581054338247,0.865581054338247,0.865581054338247,1.76,NA,0.49180741723764,0.49180741723764
"D04_Jersey_Pasture","2016-11-04",1.91383289736966,48,1.91383289736966,48,1.91383289736966,1.91383289736966,1.91383289736966,NA,NA,NA,0,NA,0,NA,NA,NA,NA,NA,NA,NA,NA,NA,1.15156188463616,NA,42,0.801752234554505,48,NA,0.801752234554505,0.801752234554505,NA,1.11208066281516,1.11208066281516,1.11208066281516,1.11208066281516,NA,42,0.801752234554505,48,NA,0.801752234554505,NA,1.11208066281516,0.801752234554505,1.11208066281516,1.11208066281516,1.11208066281516,1.72,NA,0.646558524892532,0.646558524892532
"D04_Jersey_Pasture","2016-11-05",1.7649148438953,48,1.7649148438953,48,1.7649148438953,1.7649148438953,1.7649148438953,NA,NA,NA,0,NA,0,NA,NA,NA,NA,NA,NA,NA,NA,NA,0.62223772919884,NA,41,0.518406834396149,48,NA,0.518406834396149,0.518406834396149,NA,1.24650800949915,1.24650800949915,1.24650800949915,1.24650800949915,NA,41,0.518406834396149,48,NA,0.518406834396149,NA,1.24650800949915,0.518406834396149,1.24650800949915,1.24650800949915,1.24650800949915,1.56,NA,0.799043595832789,0.799043595832789
"D04_Jersey_Pasture","2016-11-06",1.70029043023896,48,1.70029043023896,48,1.70029043023896,1.70029043023896,1.70029043023896,NA,NA,NA,0,NA,0,NA,NA,NA,NA,NA,NA,NA,NA,NA,0.153319754801302,NA,47,0.185499865383551,48,NA,0.185499865383551,0.185499865383551,NA,1.51479056485541,1.51479056485541,1.51479056485541,1.51479056485541,NA,47,0.185499865383551,48,NA,0.185499865383551,NA,1.51479056485541,0.185499865383551,1.51479056485541,1.51479056485541,1.51479056485541,1.5,NA,1.00986037657027,1.00986037657027
"D04_Jersey_Pasture","2016-11-07",1.97346800447946,48,1.97346800447946,48,1.97346800447946,1.97346800447946,1.97346800447946,NA,NA,NA,0,NA,0,NA,NA,NA,NA,NA,NA,NA,NA,NA,1.61131749181599,NA,46,1.13300083111109,48,NA,1.13300083111109,1.13300083111109,NA,0.840467173368368,0.840467173368368,0.840467173368368,0.840467173368368,NA,46,1.13300083111109,48,NA,1.13300083111109,NA,0.840467173368368,1.13300083111109,0.840467173368368,0.840467173368368,0.840467173368368,1.55,NA,0.542236886044108,0.542236886044108
"D04_Jersey_Pasture","2016-11-08",1.87676244523908,48,1.87676244523908,48,1.87676244523908,1.87676244523908,1.87676244523908,NA,NA,NA,0,NA,0,NA,NA,NA,NA,NA,NA,NA,NA,NA,1.49526928426462,NA,47,1.05056874520129,48,NA,1.05056874520129,1.05056874520129,NA,0.826193700037788,0.826193700037788,0.826193700037788,0.826193700037788,NA,47,1.05056874520129,48,NA,1.05056874520129,NA,0.826193700037788,1.05056874520129,0.826193700037788,0.826193700037788,0.826193700037788,1.62,NA,0.509996111134437,0.509996111134437
"D04_Jersey_Pasture","2016-11-09",1.6541119773342,48,1.6541119773342,48,1.6541119773342,1.6541119773342,1.6541119773342,NA,NA,NA,0,NA,0,NA,NA,NA,NA,NA,NA,NA,NA,NA,1.14634000915058,NA,46,0.848897368901058,48,NA,0.848897368901058,0.848897368901058,NA,0.805214608433142,0.805214608433142,0.805214608433142,0.805214608433142,NA,46,0.848897368901058,48,NA,0.848897368901058,NA,0.805214608433142,0.848897368901058,0.805214608433142,0.805214608433142,0.805214608433142,1.65,NA,0.488008853595844,0.488008853595844
"D04_Jersey_Pasture","2016-11-10",1.2549894944292,48,1.2549894944292,48,1.2549894944292,1.2549894944292,1.2549894944292,NA,NA,NA,0,NA,0,NA,NA,NA,NA,NA,NA,NA,NA,NA,0.769851407864918,NA,45,0.528020366906275,48,NA,0.528020366906275,0.528020366906275,NA,0.726969127522926,0.726969127522926,0.726969127522926,0.726969127522926,NA,45,0.528020366906275,48,NA,0.528020366906275,NA,0.726969127522926,0.528020366906275,0.726969127522926,0.726969127522926,0.726969127522926,1.51,NA,0.481436508293328,0.481436508293328
"D04_Jersey_Pasture","2016-11-11",1.15502042470734,48,1.15502042470734,48,1.15502042470734,1.15502042470734,1.15502042470734,NA,NA,NA,0,NA,0,NA,NA,NA,NA,NA,NA,NA,NA,NA,0.184128111626605,NA,45,0.194937449033337,48,NA,0.194937449033337,0.194937449033337,NA,0.960082975674004,0.960082975674004,0.960082975674004,0.960082975674004,NA,45,0.194937449033337,48,NA,0.194937449033337,NA,0.960082975674004,0.194937449033337,0.960082975674004,0.960082975674004,0.960082975674004,1.41,NA,0.680909911825535,0.680909911825535
"D04_Jersey_Pasture","2016-11-12",1.3930825673916,48,1.3930825673916,48,1.3930825673916,1.3930825673916,1.3930825673916,NA,NA,NA,0,NA,0,NA,NA,NA,NA,NA,NA,NA,NA,0.739029404965065,0.739029404965065,0.750044162059829,48,0.750044162059829,48,0.750044162059829,0.750044162059829,0.750044162059829,0.643038405331771,0.643038405331771,0.643038405331771,0.643038405331771,0.643038405331771,0.750044162059829,48,0.750044162059829,48,0.750044162059829,0.750044162059829,0.643038405331771,0.643038405331771,0.750044162059829,0.643038405331771,0.643038405331771,0.643038405331771,1.74,NA,0.369562301914811,0.369562301914811
"D04_Jersey_Pasture","2016-11-13",1.6347527920152,48,1.6347527920152,48,1.6347527920152,1.6347527920152,1.6347527920152,NA,NA,NA,0,NA,0,NA,NA,NA,NA,NA,NA,NA,NA,NA,1.21122391982586,NA,46,0.872974489407244,48,NA,0.872974489407244,0.872974489407244,NA,0.761778302607957,0.761778302607957,0.761778302607957,0.761778302607957,NA,46,0.872974489407244,48,NA,0.872974489407244,NA,0.761778302607957,0.872974489407244,0.761778302607957,0.761778302607957,0.761778302607957,1.44,NA,0.529012710144414,0.529012710144414
"D04_Jersey_Pasture","2016-11-14",1.5162393125538,48,1.5162393125538,48,1.5162393125538,1.5162393125538,1.5162393125538,NA,NA,NA,0,NA,0,NA,NA,NA,NA,NA,NA,NA,NA,NA,0.868756822639878,NA,42,0.655247106848712,48,NA,0.655247106848712,0.655247106848712,NA,0.860992205705088,0.860992205705088,0.860992205705088,0.860992205705088,NA,42,0.655247106848712,48,NA,0.655247106848712,NA,0.860992205705088,0.655247106848712,0.860992205705088,0.860992205705088,0.860992205705088,1.33,NA,0.647362560680517,0.647362560680517
"D04_Jersey_Pasture","2016-11-15",0.885232728306,48,0.885232728306,48,0.885232728306,0.885232728306,0.885232728306,NA,NA,NA,0,NA,0,NA,NA,NA,NA,NA,NA,NA,NA,NA,0.168200093765779,NA,47,0.317622206947206,48,NA,0.317622206947206,0.317622206947206,NA,0.567610521358794,0.567610521358794,0.567610521358794,0.567610521358794,NA,47,0.317622206947206,48,NA,0.317622206947206,NA,0.567610521358794,0.317622206947206,0.567610521358794,0.567610521358794,0.567610521358794,1.49,NA,0.380946658630063,0.380946658630063
"D04_Jersey_Pasture","2016-11-16",0.63035050255938,48,0.63035050255938,48,0.63035050255938,0.63035050255938,0.63035050255938,NA,NA,NA,0,NA,0,NA,NA,NA,NA,NA,NA,NA,NA,NA,0.802783456583727,NA,47,0.800391297332999,48,NA,0.800391297332999,0.800391297332999,NA,-0.170040794773619,-0.170040794773619,-0.170040794773619,-0.170040794773619,NA,47,0.800391297332999,48,NA,0.800391297332999,NA,-0.170040794773619,0.800391297332999,-0.170040794773619,-0.170040794773619,-0.170040794773619,1.69,NA,-0.100615854895633,-0.100615854895633
"D04_Jersey_Pasture","2016-11-17",0.92881697690862,48,0.92881697690862,48,0.92881697690862,0.92881697690862,0.92881697690862,NA,NA,NA,0,NA,0,NA,NA,NA,NA,NA,NA,NA,NA,1.37994047584052,1.37994047584052,1.08039384827362,48,1.08039384827362,48,1.08039384827362,1.08039384827362,1.08039384827362,-0.151576871365002,-0.151576871365002,-0.151576871365002,-0.151576871365002,-0.151576871365002,1.08039384827362,48,1.08039384827362,48,1.08039384827362,1.08039384827362,-0.151576871365002,-0.151576871365002,1.08039384827362,-0.151576871365002,-0.151576871365002,-0.151576871365002,1.43,NA,-0.105997812143358,-0.105997812143358
"D04_Jersey_Pasture","2016-11-18",1.4236017536592,48,1.4236017536592,48,1.4236017536592,1.4236017536592,1.4236017536592,NA,NA,NA,0,NA,0,NA,NA,NA,NA,NA,NA,NA,NA,NA,2.08053989751341,NA,46,1.45545104353365,48,NA,1.45545104353365,1.45545104353365,NA,-0.0318492898744478,-0.0318492898744478,-0.0318492898744478,-0.0318492898744478,NA,46,1.45545104353365,48,NA,1.45545104353365,NA,-0.0318492898744478,1.45545104353365,-0.0318492898744478,-0.0318492898744478,-0.0318492898744478,1.52,NA,-0.0209534801805578,-0.0209534801805578
"D04_Jersey_Pasture","2016-11-19",-0.11846645904924,48,-0.11846645904924,48,-0.11846645904924,-0.11846645904924,-0.11846645904924,NA,NA,NA,0,NA,0,NA,NA,NA,NA,NA,NA,NA,NA,-0.0985385810526177,-0.0985385810526177,-0.0203039807727536,48,-0.0203039807727536,48,-0.0203039807727536,-0.0203039807727536,-0.0203039807727536,-0.0981624782764864,-0.0981624782764864,-0.0981624782764864,-0.0981624782764864,-0.0981624782764864,-0.0203039807727536,48,-0.0203039807727536,48,-0.0203039807727536,-0.0203039807727536,-0.0981624782764864,-0.0981624782764864,-0.0203039807727536,-0.0981624782764864,-0.0981624782764864,-0.0981624782764864,1.02,NA,-0.0962377238004768,-0.0962377238004768
"D04_Jersey_Pasture","2016-11-20",0.25735079738502,48,0.25735079738502,48,0.25735079738502,0.25735079738502,0.25735079738502,NA,NA,NA,0,NA,0,NA,NA,NA,NA,NA,NA,NA,NA,NA,0.325800173955192,NA,47,0.243612454593431,48,NA,0.243612454593431,0.243612454593431,NA,0.0137383427915887,0.0137383427915887,0.0137383427915887,0.0137383427915887,NA,47,0.243612454593431,48,NA,0.243612454593431,NA,0.0137383427915887,0.243612454593431,0.0137383427915887,0.0137383427915887,0.0137383427915887,0.63,NA,0.021806893319982,0.021806893319982
"D04_Jersey_Pasture","2016-11-21",1.3795899131835,48,1.3795899131835,48,1.3795899131835,1.3795899131835,1.3795899131835,NA,NA,NA,0,NA,0,NA,NA,NA,NA,NA,NA,NA,NA,1.68751191652445,1.68751191652445,1.24126175853537,48,1.24126175853537,48,1.24126175853537,1.24126175853537,1.24126175853537,0.138328154648133,0.138328154648133,0.138328154648133,0.138328154648133,0.138328154648133,1.24126175853537,48,1.24126175853537,48,1.24126175853537,1.24126175853537,0.138328154648133,0.138328154648133,1.24126175853537,0.138328154648133,0.138328154648133,0.138328154648133,0.96,NA,0.144091827758472,0.144091827758472
"D04_Jersey_Pasture","2016-11-22",1.08939168443502,48,1.08939168443502,48,1.08939168443502,1.08939168443502,1.08939168443502,NA,NA,NA,0,NA,0,NA,NA,NA,NA,NA,NA,NA,NA,NA,0.645150311675663,NA,43,0.486324267748288,48,NA,0.486324267748288,0.486324267748288,NA,0.603067416686732,0.603067416686732,0.603067416686732,0.603067416686732,NA,43,0.486324267748288,48,NA,0.486324267748288,NA,0.603067416686732,0.486324267748288,0.603067416686732,0.603067416686732,0.603067416686732,0.77,NA,0.783204437255496,0.783204437255496
"D04_Jersey_Pasture","2016-11-23",0.7601731258392,48,0.7601731258392,48,0.7601731258392,0.7601731258392,0.7601731258392,NA,NA,NA,0,NA,0,NA,NA,NA,NA,NA,NA,NA,NA,NA,0.0554226017374088,NA,47,0.252497816828532,48,NA,0.252497816828532,0.252497816828532,NA,0.507675309010668,0.507675309010668,0.507675309010668,0.507675309010668,NA,47,0.252497816828532,48,NA,0.252497816828532,NA,0.507675309010668,0.252497816828532,0.507675309010668,0.507675309010668,0.507675309010668,1.04,NA,0.488149335587181,0.488149335587181
"D04_Jersey_Pasture","2016-11-24",NA,46,0.95112889717248,48,NA,0.95112889717248,0.95112889717248,NA,NA,NA,0,NA,0,NA,NA,NA,NA,NA,NA,NA,NA,NA,0.304226682013827,NA,45,0.3639238213626,48,NA,0.3639238213626,0.3639238213626,NA,0.58720507580988,0.58720507580988,0.58720507580988,0.58720507580988,NA,45,0.3639238213626,48,NA,0.3639238213626,NA,0.58720507580988,0.3639238213626,0.58720507580988,0.58720507580988,0.58720507580988,0.9,NA,0.6524500842332,0.6524500842332
"D04_Jersey_Pasture","2016-11-25",NA,31,NA,31,NA,NA,NA,NA,NA,NA,0,NA,0,NA,NA,NA,NA,NA,NA,NA,NA,NA,NA,NA,30,NA,30,NA,NA,NA,NA,NA,NA,NA,NA,NA,30,NA,30,NA,NA,NA,NA,NA,NA,NA,NA,0.65,NA,NA,NA
"D04_Jersey_Pasture","2016-11-26",NA,2,NA,2,NA,NA,NA,NA,NA,NA,0,NA,0,NA,NA,NA,NA,NA,NA,NA,NA,NA,NA,NA,2,NA,2,NA,NA,NA,NA,NA,NA,NA,NA,NA,2,NA,2,NA,NA,NA,NA,NA,NA,NA,NA,0.59,NA,NA,NA
