date,47,140,167,212,242,243,247,248,249
1-Oct-14,5.378,5.69,5.245,5.881,5.869,5.943,5.502,5.575,5.369
2-Oct-14,3.954,3.965,4.007,3.984,4.043,4.063,3.94,4.014,4.006
3-Oct-14,4.011,3.963,4.094,3.96,4.013,4.02,3.963,4.051,4.071
4-Oct-14,3.988,3.957,4.099,3.968,4.056,4.066,3.939,4.105,4.149
5-Oct-14,3.84,3.834,3.942,3.845,3.909,3.928,3.801,3.952,4.002
6-Oct-14,3.823,3.864,3.927,3.875,3.984,4.004,3.808,4.014,4.062
7-Oct-14,3.905,3.958,4.053,3.964,4.165,4.166,3.916,4.21,4.295
8-Oct-14,4.606,4.661,4.845,4.535,4.844,4.83,4.614,5.046,5.207
9-Oct-14,3.926,4.063,4.084,3.994,4.241,4.256,3.969,4.298,4.367
10-Oct-14,3.364,3.498,3.491,3.485,3.669,3.673,3.409,3.701,3.766
11-Oct-14,3.285,3.352,3.378,3.32,3.422,3.444,3.325,3.47,3.522
12-Oct-14,5.759,6.152,5.619,6.363,6.343,6.419,5.947,5.986,5.765
13-Oct-14,3.795,3.879,3.885,3.929,3.95,3.969,3.845,3.922,3.988
14-Oct-14,2.932,2.943,3.161,2.835,3.173,3.137,2.9,3.251,3.415
15-Oct-14,2.324,2.344,2.383,2.232,2.419,2.313,2.261,2.464,2.547
16-Oct-14,2.541,2.578,2.648,2.532,2.629,2.627,2.575,2.642,2.762
17-Oct-14,2.37,2.415,2.464,2.397,2.439,2.4,2.343,2.435,2.529
18-Oct-14,2.706,2.726,2.804,2.72,2.777,2.775,2.713,2.818,2.878
19-Oct-14,2.716,2.776,2.777,2.789,2.884,2.891,2.74,2.86,2.873
20-Oct-14,2.032,2.144,2.355,2.189,2.189,2.197,2.082,2.347,2.588
21-Oct-14,2.538,2.524,2.671,2.495,2.608,2.583,2.525,2.701,2.81
22-Oct-14,2.409,2.428,2.475,2.422,2.498,2.488,2.424,2.512,2.557
23-Oct-14,2.364,2.368,2.511,2.348,2.468,2.44,2.377,2.51,2.608
24-Oct-14,2.401,2.441,2.486,2.449,2.484,2.464,2.415,2.521,2.594
25-Oct-14,2.117,2.166,2.158,2.217,2.241,2.235,2.208,2.147,2.108
26-Oct-14,2.545,2.542,2.658,2.505,2.598,2.585,2.531,2.688,2.775
27-Oct-14,2.356,2.371,2.465,2.339,2.429,2.395,2.358,2.471,2.541
28-Oct-14,2.233,2.224,2.3,2.196,2.278,2.271,2.224,2.319,2.364
29-Oct-14,2.317,2.271,2.386,2.242,2.301,2.296,2.294,2.338,2.379
30-Oct-14,2.321,2.308,2.34,2.344,2.439,2.432,2.3,2.443,2.462
31-Oct-14,1.229,1.18,1.368,1.111,1.318,1.272,1.154,1.376,1.523
1-Nov-14,1.754,1.731,1.727,1.769,1.77,1.763,1.75,1.692,1.63
2-Nov-14,2.057,2.093,2.042,2.102,2.118,2.12,2.074,2.095,2.064
3-Nov-14,1.672,1.693,1.661,1.68,1.692,1.699,1.691,1.676,1.657
4-Nov-14,1.623,1.626,1.641,1.62,1.634,1.642,1.627,1.632,1.643
5-Nov-14,1.798,1.732,1.867,1.668,1.713,1.702,1.764,1.799,1.855
6-Nov-14,1.794,1.808,1.802,1.791,1.832,1.837,1.8,1.827,1.844
7-Nov-14,1.809,1.836,1.854,1.819,1.91,1.908,1.813,1.921,1.952
8-Nov-14,1.748,1.752,1.738,1.755,1.759,1.762,1.751,1.734,1.729
9-Nov-14,1.691,1.703,1.705,1.692,1.737,1.737,1.695,1.732,1.747
10-Nov-14,1.695,1.782,1.652,1.835,1.839,1.856,1.735,1.743,1.704
11-Nov-14,1.474,1.475,1.418,1.477,1.436,1.435,1.474,1.4,1.38
12-Nov-14,1.451,1.394,1.498,1.344,1.37,1.348,1.424,1.455,1.499
13-Nov-14,1.019,0.977,1.092,0.934,0.956,0.947,1.055,1.02,1.121
14-Nov-14,1.308,1.267,1.351,1.209,1.246,1.222,1.289,1.328,1.384
15-Nov-14,1.238,1.218,1.256,1.187,1.189,1.18,1.226,1.246,1.274
16-Nov-14,1.843,1.898,1.761,1.936,1.87,1.889,1.873,1.777,1.687
17-Nov-14,1.681,1.71,1.596,1.747,1.677,1.696,1.702,1.589,1.518
18-Nov-14,1.247,1.268,1.21,1.294,1.27,1.283,1.259,1.214,1.185
19-Nov-14,1.021,0.948,1.175,0.853,1.037,1.009,0.967,1.163,1.332
20-Nov-14,0.573,0.57,0.605,0.563,0.606,0.591,0.572,0.597,0.627
21-Nov-14,0.829,0.775,0.866,0.717,0.757,0.74,0.799,0.853,0.891
22-Nov-14,1.202,1.174,1.169,1.151,1.09,1.083,1.185,1.107,1.112
23-Nov-14,1.456,1.426,1.48,1.393,1.398,1.386,1.439,1.449,1.47
24-Nov-14,1.255,1.242,1.258,1.23,1.238,1.237,1.247,1.246,1.247
25-Nov-14,1.128,1.1,1.145,1.083,1.09,1.09,1.112,1.107,1.121
26-Nov-14,1.132,1.077,1.171,1.036,1.062,1.055,1.101,1.109,1.145
27-Nov-14,1.048,1.023,1.104,1.005,1.061,1.056,1.024,1.099,1.151
28-Nov-14,1.009,0.99,1.078,0.953,1.047,1.042,0.985,1.093,1.144
29-Nov-14,0.724,0.747,0.719,0.767,0.758,0.769,0.75,0.726,0.733
30-Nov-14,0.604,0.598,0.618,0.591,0.6,0.599,0.598,0.615,0.64
1-Dec-14,0.855,0.87,0.875,0.866,0.912,0.912,0.853,0.911,0.935
2-Dec-14,0.578,0.59,0.543,0.599,0.587,0.597,0.589,0.553,0.529
3-Dec-14,1.057,1.026,1.184,0.972,1.08,1.061,1.025,1.191,1.302
4-Dec-14,0.958,0.952,0.985,0.919,0.974,0.966,0.952,1.007,1.031
5-Dec-14,0.79,0.802,0.789,0.802,0.824,0.826,0.796,0.813,0.817
6-Dec-14,0.928,0.929,0.958,0.916,0.959,0.956,0.919,0.978,1.006
7-Dec-14,0.623,0.645,0.615,0.654,0.675,0.68,0.631,0.652,0.651
8-Dec-14,0.717,0.708,0.743,0.688,0.733,0.73,0.705,0.755,0.779
9-Dec-14,0.564,0.567,0.568,0.562,0.591,0.591,0.561,0.587,0.588
10-Dec-14,0.822,0.837,0.817,0.814,0.904,0.899,0.823,0.891,0.869
11-Dec-14,1.206,1.14,1.361,1.042,1.234,1.202,1.148,1.382,1.508
12-Dec-14,0.519,0.519,0.515,0.513,0.513,0.512,0.519,0.514,0.518
13-Dec-14,0.611,0.591,0.624,0.58,0.583,0.581,0.599,0.601,0.615
14-Dec-14,0.673,0.652,0.713,0.615,0.624,0.619,0.671,0.681,0.706
15-Dec-14,0.884,0.861,0.961,0.802,0.89,0.867,0.867,0.973,1.016
16-Dec-14,1.082,1.073,1.113,1.035,1.112,1.103,1.066,1.151,1.168
17-Dec-14,0.824,0.847,0.807,0.865,0.853,0.854,0.842,0.836,0.807
18-Dec-14,0.848,0.814,0.871,0.781,0.819,0.808,0.825,0.875,0.915
19-Dec-14,0.758,0.753,0.777,0.732,0.767,0.762,0.753,0.789,0.8
20-Dec-14,0.572,0.558,0.597,0.541,0.558,0.551,0.563,0.582,0.619
21-Dec-14,0.848,0.852,0.849,0.834,0.857,0.851,0.85,0.866,0.864
22-Dec-14,0.648,0.663,0.628,0.68,0.645,0.649,0.661,0.632,0.63
23-Dec-14,0.599,0.602,0.621,0.601,0.598,0.592,0.593,0.617,0.643
24-Dec-14,0.878,0.896,0.849,0.926,0.868,0.876,0.894,0.834,0.824
25-Dec-14,1.782,1.768,1.876,1.743,1.792,1.775,1.767,1.881,1.96
26-Dec-14,1.536,1.657,1.413,1.785,1.634,1.672,1.613,1.468,1.366
27-Dec-14,0.595,0.607,0.624,0.614,0.609,0.61,0.599,0.617,0.654
28-Dec-14,0.578,0.579,0.613,0.585,0.594,0.593,0.579,0.607,0.645
29-Dec-14,0.441,0.437,0.471,0.466,0.441,0.438,0.438,0.453,0.487
30-Dec-14,2.31,2.358,2.287,2.367,2.367,2.365,2.339,2.347,2.295
31-Dec-14,2.454,2.507,2.374,2.543,2.496,2.508,2.484,2.42,2.328
1-Jan-15,0.828,0.781,0.851,0.75,0.748,0.739,0.805,0.795,0.823
2-Jan-15,0.736,0.725,0.771,0.711,0.742,0.737,0.725,0.762,0.787
3-Jan-15,0.726,0.71,0.773,0.69,0.73,0.723,0.709,0.762,0.801
4-Jan-15,0.849,0.841,0.885,0.828,0.849,0.842,0.837,0.861,0.885
5-Jan-15,0.814,0.756,0.879,0.724,0.74,0.734,0.776,0.791,0.838
6-Jan-15,1.065,1.032,1.103,1.011,1.025,1.022,1.045,1.048,1.075
7-Jan-15,1.029,1.013,1.053,1.003,1.018,1.018,1.019,1.019,1.033
8-Jan-15,0.847,0.85,0.881,0.838,0.895,0.891,0.839,0.898,0.916
9-Jan-15,0.773,0.767,0.8,0.756,0.775,0.771,0.764,0.788,0.814
10-Jan-15,0.841,0.826,0.902,0.801,0.848,0.838,0.827,0.881,0.92
11-Jan-15,0.68,0.707,0.727,0.73,0.736,0.739,0.69,0.733,0.782
12-Jan-15,0.813,0.858,0.818,0.906,0.869,0.88,0.839,0.823,0.833
13-Jan-15,0.905,0.969,0.872,1.07,0.944,0.966,0.947,0.857,0.843
14-Jan-15,0.516,0.542,0.54,0.588,0.558,0.567,0.531,0.526,0.561
15-Jan-15,0.548,0.564,0.575,0.592,0.591,0.597,0.556,0.571,0.603
16-Jan-15,0.476,0.477,0.546,0.498,0.527,0.527,0.475,0.547,0.615
17-Jan-15,0.437,0.455,0.466,0.502,0.452,0.465,0.452,0.447,0.494
18-Jan-15,0.522,0.517,0.563,0.56,0.506,0.514,0.531,0.516,0.558
19-Jan-15,0.496,0.549,0.458,0.635,0.534,0.544,0.541,0.465,0.459
20-Jan-15,0.671,0.674,0.662,0.698,0.635,0.632,0.679,0.62,0.625
21-Jan-15,0.901,0.876,0.95,0.874,0.853,0.848,0.892,0.892,0.949
22-Jan-15,0.605,0.622,0.641,0.658,0.626,0.635,0.625,0.616,0.669
23-Jan-15,0.869,0.858,0.881,0.897,0.824,0.836,0.878,0.818,0.841
24-Jan-15,0.817,0.809,0.839,0.868,0.771,0.793,0.832,0.757,0.79
25-Jan-15,0.927,0.919,0.929,0.937,0.906,0.918,0.932,0.884,0.885
26-Jan-15,1.095,1.131,1.073,1.181,1.161,1.174,1.119,1.072,1.072
27-Jan-15,1.069,1.053,1.089,1.041,1.034,1.02,1.077,1.087,1.122
28-Jan-15,1.315,1.355,1.321,1.411,1.374,1.386,1.332,1.321,1.334
29-Jan-15,1.241,1.274,1.247,1.311,1.28,1.291,1.257,1.204,1.228
30-Jan-15,1.573,1.701,1.516,1.806,1.763,1.798,1.634,1.598,1.523
31-Jan-15,2.878,3.143,2.624,3.331,3.206,3.272,3.022,2.829,2.554
1-Feb-15,1.408,1.34,1.467,1.332,1.369,1.365,1.372,1.411,1.47
2-Feb-15,1.406,1.382,1.444,1.347,1.397,1.393,1.383,1.43,1.461
3-Feb-15,1.491,1.451,1.554,1.405,1.449,1.444,1.464,1.5,1.538
4-Feb-15,1.237,1.275,1.344,1.293,1.366,1.398,1.269,1.387,1.484
5-Feb-15,0.987,1.002,0.95,1.017,1.059,1.065,0.988,1.043,1.023
6-Feb-15,2.075,2.024,2.264,1.907,2.253,2.222,2.026,2.422,2.556
7-Feb-15,1.337,1.28,1.381,1.347,1.452,1.401,1.346,1.398,1.547
8-Feb-15,1.417,1.346,1.605,1.276,1.353,1.329,1.369,1.528,1.638
9-Feb-15,1.938,1.914,2.012,1.925,1.946,1.957,1.962,2.054,2.106
10-Feb-15,1.766,1.733,1.801,1.724,1.768,1.753,1.751,1.777,1.789
11-Feb-15,1.595,1.557,1.667,1.503,1.553,1.539,1.572,1.61,1.646
12-Feb-15,1.913,1.885,1.944,1.868,1.88,1.879,1.894,1.882,1.894
13-Feb-15,1.965,1.923,2.015,1.897,1.937,1.936,1.935,1.978,2.017
14-Feb-15,2.09,2.075,2.135,2.057,2.085,2.083,2.064,2.099,2.132
15-Feb-15,1.999,2.01,2.021,2.005,1.996,1.993,1.995,1.965,1.996
16-Feb-15,1.988,2.046,1.987,2.104,2.1,2.115,2.007,1.95,2.027
17-Feb-15,1.688,1.742,1.716,1.756,1.767,1.793,1.705,1.727,1.73
18-Feb-15,1.719,1.562,1.772,1.54,1.502,1.532,1.674,1.608,1.787
19-Feb-15,0.992,1.021,1.031,0.984,1.03,1.018,1.036,1.02,1.019
20-Feb-15,1.848,1.903,1.783,1.957,1.799,1.844,1.883,1.649,1.605
21-Feb-15,1.691,1.694,1.689,1.699,1.556,1.556,1.703,1.459,1.556
22-Feb-15,3.079,3.381,2.614,3.604,3.382,3.466,3.255,2.884,2.377
23-Feb-15,3.636,3.99,3.195,4.221,4.002,4.084,3.835,3.465,3.059
24-Feb-15,2.624,2.693,2.599,2.734,2.708,2.728,2.65,2.625,2.584
25-Feb-15,2.091,2.094,2.145,2.123,2.099,2.103,2.098,2.135,2.174
26-Feb-15,2.836,2.921,2.771,2.976,2.95,2.983,2.868,2.839,2.773
27-Feb-15,2.832,2.875,2.852,2.83,2.831,2.823,2.842,2.736,2.79
28-Feb-15,2.097,2.09,1.782,1.844,1.96,1.941,2.082,1.957,1.898
1-Mar-15,2.469,2.539,2.418,2.597,2.536,2.559,2.5,2.448,2.399
2-Mar-15,2.13,2.238,2.181,2.252,2.24,2.281,2.1,2.149,2.229
3-Mar-15,2.423,2.481,2.416,2.48,2.518,2.527,2.446,2.479,2.458
4-Mar-15,2.542,2.539,2.551,2.542,2.545,2.547,2.537,2.54,2.543
5-Mar-15,2.75,2.733,2.776,2.733,2.739,2.744,2.727,2.742,2.767
6-Mar-15,2.934,2.924,2.953,2.934,2.931,2.938,2.917,2.931,2.947
7-Mar-15,2.803,2.755,2.86,2.749,2.762,2.757,2.768,2.811,2.876
8-Mar-15,2.833,2.854,2.889,2.875,2.926,2.926,2.824,2.923,2.975
9-Mar-15,2.783,2.847,2.797,2.916,2.927,2.954,2.786,2.868,2.896
10-Mar-15,2.365,2.274,2.442,2.268,2.424,2.37,2.355,2.514,2.645
11-Mar-15,2.21,2.173,2.099,2.079,2.062,2.134,2.198,2.019,2.187
12-Mar-15,3.252,3.319,3.266,3.362,3.369,3.374,3.257,3.316,3.329
13-Mar-15,2.924,3.001,3.017,2.991,3.017,3.02,2.949,2.987,3.027
14-Mar-15,3.328,3.251,3.453,3.153,3.269,3.287,3.22,3.39,3.562
15-Mar-15,3.708,3.717,3.923,3.636,3.887,3.886,3.657,3.982,4.146
16-Mar-15,2.565,2.478,2.843,2.35,2.627,2.565,2.505,2.78,3.063
17-Mar-15,3.524,3.543,3.602,3.481,3.56,3.541,3.51,3.645,3.682
18-Mar-15,3.672,3.777,3.687,3.807,3.839,3.834,3.69,3.811,3.793
19-Mar-15,3.681,3.787,3.709,3.817,3.845,3.849,3.734,3.802,3.771
20-Mar-15,3.051,3.005,3.129,3.073,3.137,3.091,3,3.183,3.298
21-Mar-15,3.423,3.524,3.402,3.552,3.608,3.625,3.503,3.546,3.467
22-Mar-15,3.128,3.246,2.996,3.339,3.128,3.124,3.286,3.306,3.173
23-Mar-15,2.912,3.197,3.157,3.263,3.265,3.291,3.211,3.192,3.26
24-Mar-15,3.285,3.201,3.141,3.191,3.226,3.239,3.213,3.36,3.36
25-Mar-15,3.968,4.091,3.934,4.136,4.154,4.173,4.041,4.067,3.979
26-Mar-15,3.828,3.858,3.857,3.826,3.902,3.893,3.838,3.908,3.91
27-Mar-15,4.154,4.292,4.247,4.298,4.515,4.51,4.2,4.484,4.53
28-Mar-15,4.755,4.862,4.765,4.864,4.963,4.968,4.796,4.927,4.932
29-Mar-15,4.534,4.638,4.576,4.642,4.766,4.763,4.579,4.734,4.729
30-Mar-15,4.329,4.433,4.402,4.443,4.546,4.568,4.333,4.555,4.664
31-Mar-15,4.56,4.637,4.55,4.613,4.682,4.664,4.595,4.686,4.69
1-Apr-15,4.07,4.177,4.145,4.184,4.205,4.198,4.104,4.159,4.32
2-Apr-15,5.258,5.432,5.216,5.487,5.534,5.547,5.334,5.435,5.373
3-Apr-15,4.487,4.551,4.557,4.526,4.648,4.632,4.499,4.671,4.716
4-Apr-15,4.35,4.415,4.42,4.424,4.56,4.553,4.374,4.565,4.609
5-Apr-15,2.597,2.466,2.734,2.63,2.443,2.495,2.528,2.577,2.665
6-Apr-15,2.931,2.935,3.089,2.836,2.921,2.987,2.852,3.125,3.212
7-Apr-15,3.004,2.464,2.914,2.494,2.461,2.407,2.781,2.797,2.695
8-Apr-15,3.096,3.07,3.022,2.882,2.922,2.918,3.104,3.026,3.144
9-Apr-15,3.466,3.444,3.474,3.456,3.477,3.469,3.463,3.493,3.554
10-Apr-15,4.018,4.067,4.053,4.038,4.136,4.144,4.022,4.16,4.207
11-Apr-15,4.138,4.214,4.23,4.131,4.291,4.293,4.229,4.318,4.408
12-Apr-15,4.709,4.815,4.74,4.841,4.897,4.932,4.758,4.877,4.855
13-Apr-15,4.553,4.735,4.699,4.781,5.045,5.07,4.606,5.024,5.126
14-Apr-15,4.821,4.851,4.92,4.818,4.897,4.893,4.83,4.977,5.052
15-Apr-15,6.047,6.358,5.926,6.51,6.515,6.579,6.2,6.246,6.058
16-Apr-15,5.662,5.897,5.46,6.044,5.909,5.971,5.798,5.619,5.412
17-Apr-15,5.183,5.239,5.258,5.211,5.347,5.332,5.202,5.342,5.371
18-Apr-15,4.738,4.865,4.813,4.882,4.997,4.997,4.789,4.952,4.995
19-Apr-15,4.815,5.014,4.908,5.074,5.271,5.265,4.884,5.16,5.168
20-Apr-15,4.441,4.583,4.541,4.66,4.808,4.819,4.468,4.79,4.879
21-Apr-15,3.63,3.706,3.755,3.714,3.828,3.848,3.637,3.811,3.943
22-Apr-15,3.99,4.143,4.005,4.169,4.088,4.165,4.093,3.974,4.086
23-Apr-15,4.529,4.631,4.606,4.66,4.811,4.787,4.552,4.763,4.803
24-Apr-15,4.94,4.952,4.954,4.909,5.074,5.068,4.867,5.024,5.131
25-Apr-15,3.887,4.113,4.065,3.788,4.015,4.034,3.929,3.835,4.103
26-Apr-15,5,5.052,5.021,5.048,5.127,5.091,5.014,5.128,5.215
27-Apr-15,5.794,5.939,5.618,6.109,5.964,5.982,5.864,5.703,5.612
28-Apr-15,5.265,5.364,5.392,5.395,5.636,5.616,5.272,5.585,5.676
29-Apr-15,5.108,5.172,5.239,5.167,5.363,5.331,5.113,5.381,5.531
30-Apr-15,6.274,6.32,6.328,6.398,6.42,6.44,6.283,6.396,6.463
1-May-15,6.182,6.335,6.28,6.34,6.515,6.505,6.24,6.487,6.543
2-May-15,5.509,5.723,5.606,5.818,6.025,6.059,5.564,5.887,5.93
3-May-15,4.832,4.992,4.99,5.029,5.278,5.311,4.834,5.281,5.384
4-May-15,4.532,4.65,4.686,4.645,4.867,4.823,4.545,4.889,5.003
5-May-15,4.635,4.699,4.745,4.696,4.84,4.838,4.636,4.87,4.987
6-May-15,4.942,5.075,4.875,5.167,5.124,5.131,4.999,4.995,4.993
7-May-15,3.094,3.402,2.791,3.837,3.821,3.862,3.264,3.221,3.096
8-May-15,4.289,4.377,4.272,4.421,4.338,4.409,4.326,4.317,4.333
9-May-15,4.673,4.852,4.675,4.93,4.956,4.998,4.756,4.86,4.873
10-May-15,4.883,5.03,5.008,5.001,5.232,5.243,4.915,5.238,5.335
11-May-15,4.896,4.982,5.064,5.012,5.174,5.215,4.889,5.216,5.358
12-May-15,4.898,4.963,4.935,4.947,4.993,5.023,4.901,5.012,5.079
13-May-15,4.592,4.638,4.674,4.622,4.753,4.694,4.529,4.714,4.713
14-May-15,2.888,3.343,2.869,3.471,3.354,3.704,3.066,3.466,3.345
15-May-15,4.531,4.597,4.557,4.65,4.675,4.644,4.542,4.643,4.676
16-May-15,4.59,4.698,4.661,4.713,4.785,4.8,4.602,4.81,4.834
17-May-15,3.966,3.841,3.463,3.773,4.083,4.084,3.935,3.977,3.952
18-May-15,4.61,4.708,4.804,4.719,4.758,4.687,4.65,4.898,4.937
19-May-15,4.816,4.904,4.896,4.883,5.02,4.991,4.823,5.037,5.046
20-May-15,4.653,4.766,4.75,4.783,4.951,4.949,4.686,4.895,5.031
21-May-15,3.924,4.387,4.029,4.583,4.024,4.225,4.229,3.886,3.911
22-May-15,4.726,4.798,4.823,4.799,4.879,4.901,4.778,4.849,4.8
23-May-15,4.675,4.638,4.745,4.69,4.733,4.603,4.703,4.905,4.936
24-May-15,5.165,5.392,5.264,5.491,5.616,5.63,5.271,5.521,5.535
25-May-15,5.115,5.256,5.273,5.24,5.496,5.49,5.14,5.505,5.613
26-May-15,5.124,5.298,5.277,5.311,5.524,5.484,5.17,5.498,5.605
27-May-15,5.163,5.302,5.296,5.366,5.583,5.512,5.219,5.575,5.644
28-May-15,5.059,5.175,5.199,5.241,5.46,5.42,5.107,5.42,5.516
29-May-15,5.714,5.844,5.831,5.817,6.093,6.093,5.712,6.132,6.226
30-May-15,6.001,6.169,6.183,6.131,6.454,6.464,5.98,6.495,6.549
31-May-15,5.051,5.102,5.221,5.225,5.334,5.382,5.171,5.509,5.65
1-Jun-15,5.335,5.393,5.578,5.253,5.459,5.319,5.32,5.449,5.788
2-Jun-15,5.427,5.536,5.551,5.511,5.727,5.757,5.474,5.754,5.755
3-Jun-15,5.14,5.193,5.382,5.313,5.475,5.52,5.005,5.623,5.786
4-Jun-15,5.627,5.724,5.621,5.792,5.856,5.897,5.683,5.793,5.802
5-Jun-15,6.307,6.564,6.175,6.676,6.764,6.824,6.414,6.47,6.421
6-Jun-15,5.974,6.051,6.094,6.243,6.331,6.352,5.962,6.388,6.387
7-Jun-15,6.433,6.636,6.458,6.76,6.885,6.924,6.528,6.736,6.721
8-Jun-15,7.12,7.235,7.234,7.192,7.339,7.366,7.162,7.371,7.395
9-Jun-15,6.277,6.529,6.221,6.695,7.034,7.236,6.407,6.737,6.517
10-Jun-15,2.663,2.576,3.116,2.554,2.749,2.734,2.634,3.111,3.357
11-Jun-15,6.591,6.806,6.628,6.915,6.937,7.042,6.682,6.893,6.86
12-Jun-15,7.285,7.589,7.292,7.705,7.842,7.921,7.412,7.682,7.576
13-Jun-15,6.981,7.184,7.185,7.217,7.555,7.596,7.013,7.592,7.658
14-Jun-15,6.22,6.404,6.458,6.453,6.787,6.833,6.266,6.836,6.921
15-Jun-15,6.041,6.238,6.276,6.24,6.636,6.653,6.082,6.68,6.788
16-Jun-15,6.503,6.669,6.634,6.682,6.923,6.968,6.515,6.973,7.009
17-Jun-15,6.495,6.72,6.713,6.695,6.954,6.934,6.616,6.968,7.008
18-Jun-15,6.987,7.245,7.134,7.282,7.598,7.637,7.038,7.549,7.566
19-Jun-15,6.986,7.17,7.129,7.172,7.403,7.42,7.055,7.424,7.47
20-Jun-15,6.502,6.77,6.645,6.826,7.015,7.06,6.645,6.936,6.916
21-Jun-15,6.943,7.209,7.173,7.237,7.589,7.672,7.021,7.578,7.633
22-Jun-15,6.555,6.691,6.792,6.65,6.977,6.982,6.548,7.102,7.22
23-Jun-15,6.94,7.169,7.044,7.173,7.323,7.411,7.003,7.342,7.375
24-Jun-15,6.837,7.137,6.927,7.178,7.376,7.421,6.961,7.294,7.277
25-Jun-15,7.592,7.774,7.67,7.733,7.961,7.974,7.649,7.968,7.972
26-Jun-15,7.731,8.061,7.791,8.113,8.367,8.378,7.834,8.268,8.228
27-Jun-15,6.01,6.634,6.346,6.602,6.918,6.995,6.392,6.694,7.096
28-Jun-15,6.688,6.936,6.763,6.974,7.326,7.323,6.758,7.208,7.115
29-Jun-15,7.106,7.337,7.253,7.337,7.561,7.591,7.196,7.573,7.622
30-Jun-15,7.312,7.448,7.509,7.45,7.617,7.685,7.404,7.648,7.715
1-Jul-15,7.114,7.34,7.322,7.299,7.488,7.591,7.304,7.394,7.549
2-Jul-15,6.764,6.814,6.541,6.593,7.176,7.193,6.779,7.143,6.9
3-Jul-15,7.039,7.324,7.272,7.147,7.569,7.55,7.111,7.644,7.721
4-Jul-15,7.272,7.612,7.458,7.702,7.98,8.064,7.402,7.939,7.985
5-Jul-15,6.617,6.898,6.823,7,7.237,7.331,6.7,7.194,7.248
6-Jul-15,6.889,7.067,7.079,7.057,7.358,7.482,6.911,7.423,7.505
7-Jul-15,6.305,6.38,6.451,6.471,7.019,7.058,6.304,6.819,6.915
8-Jul-15,5.975,6.117,6.173,6.165,6.344,6.345,6.022,6.402,6.49
9-Jul-15,4.44,4.324,5.104,4.204,4.328,4.353,4.161,5.086,5.532
10-Jul-15,4.965,4.978,5.274,5.152,5.134,5.186,5.067,5.248,5.347
11-Jul-15,6.056,6.156,6.167,6.251,6.316,6.43,6.113,6.36,6.369
12-Jul-15,6.188,6.166,6.241,6.333,6.427,6.515,6.179,6.471,6.433
13-Jul-15,6.348,6.516,6.613,6.544,6.592,6.684,6.429,6.766,6.901
14-Jul-15,6.011,6.179,6.099,6.311,6.412,6.524,6.093,6.361,6.397
15-Jul-15,6.239,6.403,6.305,6.519,6.552,6.695,6.314,6.54,6.503
16-Jul-15,6.639,6.857,6.759,6.957,7.069,7.223,6.721,7.06,7.082
17-Jul-15,6.804,7.007,6.915,7.083,7.36,7.39,6.803,7.24,7.139
18-Jul-15,6.658,6.943,6.648,7.092,7.245,7.348,6.747,7.072,6.932
19-Jul-15,6.445,6.688,6.33,6.742,6.68,6.833,6.516,6.592,6.394
20-Jul-15,7.112,7.18,7.123,7.181,7.353,7.305,7.143,7.313,7.246
21-Jul-15,6.707,6.989,6.815,7.012,7.378,7.377,6.784,7.242,7.246
22-Jul-15,6.295,6.529,6.362,6.639,6.935,6.971,6.365,6.792,6.665
23-Jul-15,5.873,6.009,5.983,5.982,6.203,6.236,5.905,6.28,6.303
24-Jul-15,6.202,6.243,6.337,6.232,6.393,6.407,6.197,6.479,6.585
25-Jul-15,6.135,6.25,6.346,6.269,6.538,6.527,6.154,6.6,6.73
26-Jul-15,6.066,6.237,6.15,6.304,6.428,6.496,6.126,6.427,6.474
27-Jul-15,7.031,7.197,7.073,7.27,7.454,7.478,7.091,7.392,7.377
28-Jul-15,7.255,7.501,7.217,7.602,7.673,7.735,7.396,7.571,7.471
29-Jul-15,7.054,7.231,7.028,7.272,7.465,7.472,7.133,7.372,7.335
30-Jul-15,7.134,7.476,7.131,7.554,7.818,7.907,7.222,7.588,7.495
31-Jul-15,6.232,6.434,6.466,6.218,6.968,6.741,6.191,6.696,6.712
1-Aug-15,6.632,6.777,6.685,6.786,7.057,7.009,6.661,6.989,7.016
2-Aug-15,6.478,6.662,6.606,6.632,6.925,6.919,6.521,6.918,6.993
3-Aug-15,6.453,6.644,6.48,6.681,6.922,6.913,6.505,6.814,6.781
4-Aug-15,4.791,5.191,4.751,4.527,4.983,4.949,4.81,5.133,5.077
5-Aug-15,5.582,5.685,5.529,5.68,5.749,5.764,5.605,5.714,5.516
6-Aug-15,4.012,4.072,3.539,4.175,3.937,4.199,4.069,3.821,3.805
7-Aug-15,6.358,6.475,6.407,6.555,6.81,6.823,6.319,6.691,6.545
8-Aug-15,5.614,5.745,5.712,5.81,6.102,6.133,5.606,6.054,6.037
9-Aug-15,6.214,6.382,6.201,6.435,6.615,6.642,6.259,6.566,6.467
10-Aug-15,6.202,6.376,6.223,6.468,6.639,6.671,6.268,6.586,6.541
11-Aug-15,6.106,6.243,6.184,6.293,6.505,6.506,6.159,6.516,6.465
12-Aug-15,6.047,6.209,6.12,6.208,6.378,6.4,6.1,6.344,6.361
13-Aug-15,6.152,6.289,6.267,6.294,6.554,6.559,6.196,6.584,6.61
14-Aug-15,6.037,6.066,6.219,6.002,6.258,6.21,6.014,6.402,6.501
15-Aug-15,6.342,6.333,6.507,6.283,6.484,6.472,6.305,6.622,6.645
16-Aug-15,6.487,6.495,6.6,6.519,6.637,6.675,6.478,6.758,6.802
17-Aug-15,6.762,6.915,6.816,6.923,7.156,7.166,6.805,7.137,7.148
18-Aug-15,6.35,6.575,6.499,6.61,6.936,6.954,6.397,6.877,6.9
19-Aug-15,5.81,5.963,5.934,6.041,6.335,6.369,5.885,6.298,6.323
20-Aug-15,5.305,5.404,5.487,5.376,5.674,5.673,5.331,5.71,5.799
21-Aug-15,5.367,5.443,5.489,5.487,5.751,5.707,5.377,5.728,5.764
22-Aug-15,5.383,5.476,5.45,5.553,5.778,5.744,5.424,5.712,5.705
23-Aug-15,5.521,5.537,5.66,5.591,5.832,5.865,5.515,5.935,5.999
24-Aug-15,5.896,6.026,6.022,6.074,6.369,6.312,5.933,6.327,6.339
25-Aug-15,6.16,6.284,6.303,6.353,6.667,6.651,6.217,6.647,6.636
26-Aug-15,6.389,6.499,6.507,6.477,6.811,6.738,6.4,6.833,6.859
27-Aug-15,6.757,6.733,6.914,6.689,6.905,6.85,6.733,7.031,7.128
28-Aug-15,6.689,6.486,6.687,6.622,6.848,6.847,6.734,6.968,7.005
29-Aug-15,4.984,5.102,5.512,5.018,5.361,5.312,5.063,5.547,5.759
30-Aug-15,5.47,5.507,5.597,5.452,5.595,5.592,5.472,5.711,5.802
31-Aug-15,5.479,5.593,5.488,5.608,5.68,5.689,5.54,5.645,5.614
1-Sep-15,5.281,5.469,5.383,5.552,5.722,5.731,5.358,5.64,5.67
2-Sep-15,5.156,5.321,5.214,5.404,5.615,5.597,5.229,5.509,5.525
3-Sep-15,5.01,5.098,5.087,5.097,5.221,5.212,5.044,5.221,5.256
4-Sep-15,5.03,5.144,5.081,5.175,5.266,5.275,5.086,5.219,5.236
5-Sep-15,5.336,5.505,5.336,5.603,5.667,5.686,5.411,5.522,5.478
6-Sep-15,5.063,5.107,5.069,5.131,5.137,5.13,5.085,5.082,5.042
7-Sep-15,5.237,5.349,5.295,5.348,5.419,5.423,5.271,5.365,5.367
8-Sep-15,5.447,5.37,5.583,5.324,5.408,5.393,5.384,5.507,5.597
9-Sep-15,6.042,6.029,6.207,5.985,6.201,6.169,5.973,6.288,6.387
10-Sep-15,6.335,6.402,6.473,6.401,6.585,6.569,6.297,6.705,6.721
11-Sep-15,5.938,6.046,5.867,6.076,6.211,6.263,5.92,6.157,6.125
12-Sep-15,4.143,4.355,4.16,4.53,4.535,4.647,4.09,4.228,4.36
13-Sep-15,4.961,5.107,4.634,5.305,5.296,5.274,5.02,4.982,4.963
14-Sep-15,3.455,3.862,3.531,3.739,4.092,4.111,3.835,3.991,3.841
15-Sep-15,4.584,4.587,4.618,4.506,4.647,4.604,4.549,4.742,4.705
16-Sep-15,3.689,3.363,3.939,3.255,3.646,3.534,3.336,4.01,4.342
17-Sep-15,3.902,3.741,4.02,3.842,3.859,3.892,3.767,3.985,4.068
18-Sep-15,4.488,4.442,4.593,4.407,4.52,4.474,4.435,4.656,4.723
19-Sep-15,4.561,4.57,4.59,4.611,4.662,4.645,4.554,4.651,4.637
20-Sep-15,4.716,4.645,4.846,4.645,4.71,4.683,4.663,4.781,4.879
21-Sep-15,5.405,5.396,5.529,5.412,5.526,5.504,5.389,5.572,5.641
22-Sep-15,4.95,5.185,5.136,5.277,5.658,5.666,5.019,5.556,5.576
23-Sep-15,4.436,4.465,4.591,4.38,4.607,4.579,4.411,4.739,4.848
24-Sep-15,4.4,4.473,4.478,4.337,4.507,4.52,4.372,4.555,4.6
25-Sep-15,5.26,5.409,5.32,5.341,5.58,5.566,5.287,5.568,5.555
26-Sep-15,5.118,5.196,5.308,5.074,5.449,5.408,5.105,5.605,5.667
27-Sep-15,3.688,3.753,3.794,3.863,3.86,3.907,3.665,3.918,3.969
28-Sep-15,4.079,4.288,3.872,4.393,4.466,4.495,4.064,4.162,4.161
29-Sep-15,3.549,3.756,3.329,3.971,3.997,4.045,3.567,3.615,3.488
30-Sep-15,1.931,1.922,2.192,1.896,2.059,2.069,1.917,2.174,2.363
1-Oct-15,2.701,2.619,2.705,2.842,2.604,2.754,2.612,2.601,2.562
2-Oct-15,4.149,4.399,4.105,4.442,4.47,4.541,4.211,4.349,4.261
3-Oct-15,4.164,4.313,4.22,4.363,4.41,4.45,4.172,4.409,4.414
4-Oct-15,3.42,3.537,3.408,3.624,3.545,3.588,3.456,3.467,3.436
5-Oct-15,3.218,3.328,3.255,3.338,3.33,3.37,3.246,3.33,3.345
6-Oct-15,3.237,3.337,3.271,3.371,3.378,3.415,3.246,3.371,3.393
7-Oct-15,3.24,3.26,3.345,3.23,3.289,3.278,3.275,3.366,3.42
8-Oct-15,3.322,3.331,3.445,3.325,3.388,3.385,3.392,3.428,3.497
9-Oct-15,4.102,4.099,4.221,4.057,4.211,4.187,4.124,4.28,4.35
10-Oct-15,3.791,3.947,3.953,3.946,4.152,4.129,3.885,4.171,4.218
11-Oct-15,3.465,3.561,3.619,3.525,3.675,3.646,3.533,3.748,3.823
12-Oct-15,3.475,3.603,3.547,3.615,3.675,3.677,3.571,3.652,3.666
13-Oct-15,3.919,3.983,4,3.956,4.031,4.024,3.963,4.06,4.082
14-Oct-15,3.99,4.154,4.034,4.129,4.193,4.199,4.111,4.145,4.087
15-Oct-15,3.441,3.617,3.565,3.655,3.709,3.705,3.509,3.736,3.811
16-Oct-15,3.603,3.725,3.635,3.728,3.813,3.84,3.668,3.802,3.753
17-Oct-15,2.967,2.981,3.071,2.933,2.996,2.921,3.052,3.009,3.13
18-Oct-15,2.48,2.563,2.736,2.501,2.507,2.471,2.525,2.703,2.763
19-Oct-15,2.574,2.605,2.638,2.492,2.551,2.582,2.601,2.694,2.746
20-Oct-15,3.978,4.266,3.859,4.431,4.407,4.456,4.131,4.149,3.979
21-Oct-15,3.256,3.404,3.189,3.511,3.429,3.467,3.352,3.283,3.18
22-Oct-15,2.81,2.917,2.88,2.935,3.016,3.035,2.87,3.011,3.036
23-Oct-15,2.479,2.501,2.597,2.478,2.563,2.535,2.5,2.61,2.676
24-Oct-15,2.336,2.342,2.433,2.368,2.447,2.45,2.356,2.437,2.502
25-Oct-15,3.002,3.123,3.031,3.17,3.286,3.289,3.079,3.199,3.162
26-Oct-15,2.349,2.354,2.435,2.347,2.408,2.426,2.369,2.455,2.512
27-Oct-15,1.965,1.997,2.054,2.002,2.116,2.126,2.002,2.124,2.186
28-Oct-15,2.138,2.154,2.161,2.144,2.138,2.106,2.146,2.18,2.301
29-Oct-15,4.087,4.241,4.107,4.255,4.364,4.373,4.155,4.318,4.273
30-Oct-15,3.383,3.516,3.393,3.567,3.623,3.645,3.44,3.536,3.49
31-Oct-15,3.015,3.102,3.033,3.143,3.193,3.215,3.059,3.125,3.101
1-Nov-15,2.096,2.004,2.275,1.794,1.962,1.938,2.052,2.199,2.361
2-Nov-15,1.202,1.169,1.224,1.199,1.144,1.155,1.199,1.157,1.176
3-Nov-15,2.066,2.103,2.001,2.143,2.04,2.058,2.098,1.99,1.944
4-Nov-15,2.909,2.968,2.887,2.959,3.009,3.007,2.935,2.977,2.916
5-Nov-15,1.604,1.59,1.629,1.564,1.606,1.602,1.601,1.636,1.652
6-Nov-15,1.788,1.773,1.787,1.76,1.759,1.757,1.786,1.771,1.764
7-Nov-15,1.545,1.543,1.555,1.529,1.548,1.553,1.544,1.554,1.563
8-Nov-15,1.138,1.111,1.214,1.084,1.143,1.135,1.116,1.192,1.253
9-Nov-15,1,0.978,1.014,0.952,0.955,0.94,0.996,1.007,0.994
10-Nov-15,1.189,1.211,1.131,1.212,1.18,1.19,1.211,1.132,1.102
11-Nov-15,1.112,1.103,1.129,1.093,1.103,1.105,1.109,1.121,1.141
12-Nov-15,1.316,1.293,1.331,1.275,1.286,1.285,1.302,1.313,1.332
13-Nov-15,1.261,1.227,1.28,1.202,1.223,1.219,1.24,1.253,1.277
14-Nov-15,1.254,1.223,1.301,1.207,1.245,1.241,1.232,1.277,1.33
15-Nov-15,1.838,1.792,1.808,1.737,1.71,1.698,1.824,1.756,1.714
16-Nov-15,2.598,2.578,2.656,2.526,2.589,2.57,2.575,2.664,2.7
17-Nov-15,1.346,1.341,1.329,1.333,1.323,1.323,1.346,1.325,1.325
18-Nov-15,1.206,1.203,1.192,1.19,1.199,1.195,1.207,1.205,1.207
19-Nov-15,1.211,1.208,1.216,1.195,1.216,1.212,1.209,1.233,1.248
20-Nov-15,1.462,1.485,1.431,1.51,1.484,1.493,1.475,1.448,1.425
21-Nov-15,1.352,1.337,1.357,1.33,1.337,1.339,1.342,1.335,1.336
22-Nov-15,1.185,1.164,1.209,1.154,1.173,1.175,1.171,1.183,1.209
23-Nov-15,1.21,1.273,1.234,1.29,1.367,1.372,1.229,1.341,1.359
24-Nov-15,1.303,1.304,1.316,1.299,1.299,1.297,1.3,1.317,1.333
25-Nov-15,0.955,0.957,0.926,0.96,0.92,0.921,0.958,0.913,0.892
26-Nov-15,1.496,1.595,1.363,1.692,1.555,1.586,1.556,1.406,1.295
27-Nov-15,2.043,2.22,1.839,2.358,2.224,2.27,2.142,1.978,1.793
28-Nov-15,1.499,1.531,1.441,1.56,1.511,1.52,1.518,1.449,1.394
29-Nov-15,1.233,1.233,1.219,1.246,1.218,1.226,1.233,1.2,1.188
30-Nov-15,0.913,0.931,0.94,0.913,0.937,0.94,0.913,0.963,0.973
1-Dec-15,1.115,1.076,1.152,1.038,1.071,1.065,1.088,1.118,1.144
2-Dec-15,1.048,1.028,1.036,1.023,0.997,1,1.037,1.008,1.014
3-Dec-15,1.052,1.008,1.232,0.932,1.115,1.103,1.005,1.241,1.402
4-Dec-15,0.855,0.85,0.915,0.837,0.875,0.875,0.842,0.916,0.977
5-Dec-15,0.631,0.626,0.671,0.611,0.656,0.656,0.619,0.68,0.715
6-Dec-15,1.089,1.061,1.196,0.981,1.147,1.126,1.057,1.233,1.312
7-Dec-15,0.793,0.786,0.825,0.762,0.816,0.81,0.782,0.843,0.874
8-Dec-15,0.512,0.489,0.549,0.468,0.496,0.49,0.496,0.537,0.58
9-Dec-15,0.874,0.838,0.927,0.785,0.871,0.856,0.847,0.934,0.97
10-Dec-15,1.16,1.22,1.055,1.261,1.199,1.216,1.191,1.094,1.002
11-Dec-15,0.986,0.97,0.981,0.945,0.953,0.949,0.977,0.973,0.97
12-Dec-15,0.767,0.744,0.798,0.712,0.744,0.732,0.751,0.777,0.815
13-Dec-15,1.261,1.243,1.249,1.217,1.206,1.194,1.261,1.233,1.208
14-Dec-15,1.507,1.485,1.557,1.433,1.49,1.472,1.484,1.566,1.6
15-Dec-15,1.7,1.823,1.552,1.896,1.822,1.853,1.766,1.655,1.507
16-Dec-15,0.788,0.756,0.831,0.722,0.755,0.748,0.765,0.814,0.85
17-Dec-15,0.808,0.803,0.873,0.786,0.852,0.846,0.795,0.9,0.928
18-Dec-15,0.987,0.985,1.08,0.962,1.071,1.064,0.967,1.124,1.185
19-Dec-15,0.686,0.643,0.697,0.61,0.618,0.609,0.655,0.659,0.689
20-Dec-15,0.516,0.493,0.561,0.456,0.515,0.511,0.499,0.56,0.591
21-Dec-15,0.587,0.556,0.653,0.521,0.569,0.557,0.565,0.637,0.694
22-Dec-15,1.117,1.082,1.157,1.043,1.053,1.039,1.097,1.124,1.161
23-Dec-15,1.368,1.303,1.435,1.214,1.266,1.238,1.332,1.392,1.445
24-Dec-15,0.919,0.931,0.878,0.951,0.886,0.907,0.953,0.883,0.85
25-Dec-15,0.775,0.748,0.836,0.732,0.742,0.737,0.753,0.776,0.803
26-Dec-15,1.292,1.36,1.243,1.403,1.371,1.389,1.326,1.281,1.21
27-Dec-15,0.492,0.481,0.491,0.49,0.487,0.49,0.489,0.482,0.491
28-Dec-15,0.584,0.589,0.608,0.6,0.592,0.598,0.583,0.586,0.622
29-Dec-15,0.774,0.794,0.768,0.811,0.783,0.792,0.786,0.763,0.758
30-Dec-15,0.641,0.631,0.702,0.619,0.675,0.681,0.623,0.698,0.74
31-Dec-15,0.864,0.896,0.844,0.926,0.918,0.928,0.878,0.878,0.806
1-Jan-16,1.145,1.22,1.067,1.289,1.256,1.276,1.187,1.117,1.044
2-Jan-16,1.006,1.075,0.921,1.112,1.056,1.079,1.054,0.951,0.882
3-Jan-16,0.997,1.037,0.994,1.048,1.052,1.053,1.017,1.013,0.982
4-Jan-16,0.823,0.79,0.896,0.748,0.827,0.816,0.809,0.87,0.913
5-Jan-16,0.776,0.771,0.827,0.739,0.818,0.808,0.762,0.848,0.879
6-Jan-16,0.731,0.741,0.74,0.732,0.752,0.75,0.735,0.752,0.751
7-Jan-16,0.519,0.511,0.535,0.509,0.499,0.499,0.518,0.514,0.532
8-Jan-16,0.552,0.532,0.612,0.503,0.546,0.537,0.539,0.589,0.633
9-Jan-16,0.775,0.743,0.871,0.693,0.777,0.757,0.75,0.861,0.937
10-Jan-16,0.776,0.786,0.783,0.788,0.791,0.792,0.78,0.781,0.788
11-Jan-16,0.812,0.82,0.839,0.811,0.853,0.85,0.812,0.853,0.869
12-Jan-16,0.794,0.806,0.831,0.8,0.864,0.861,0.793,0.861,0.885
13-Jan-16,1.18,1.191,1.292,1.163,1.301,1.289,1.166,1.352,1.43
14-Jan-16,0.613,0.595,0.663,0.57,0.618,0.609,0.6,0.65,0.688
15-Jan-16,0.798,0.745,0.89,0.692,0.744,0.725,0.768,0.828,0.907
16-Jan-16,0.766,0.736,0.838,0.699,0.764,0.754,0.742,0.836,0.907
17-Jan-16,0.689,0.701,0.727,0.699,0.761,0.76,0.685,0.767,0.795
18-Jan-16,1.019,1.011,1.108,0.987,1.079,1.067,1.01,1.121,1.175
19-Jan-16,1.13,1.161,1.145,1.193,1.208,1.208,1.16,1.17,1.168
20-Jan-16,0.919,0.901,0.965,0.89,0.926,0.918,0.91,0.95,0.985
21-Jan-16,0.968,0.972,1.02,0.954,1.047,1.036,0.964,1.063,1.078
22-Jan-16,1.006,1.03,1.053,1.003,1.1,1.09,1.001,1.113,1.139
23-Jan-16,1.275,1.311,1.278,1.313,1.327,1.32,1.279,1.293,1.279
24-Jan-16,1.032,1.027,1.042,1.002,1.019,1.01,1.034,1.038,1.047
25-Jan-16,0.943,1.009,0.946,1.035,1.053,1.062,0.973,0.998,0.981
26-Jan-16,0.95,0.934,1.007,0.887,0.937,0.929,0.937,0.997,1.044
27-Jan-16,1.137,1.182,1.135,1.203,1.221,1.232,1.159,1.164,1.15
28-Jan-16,0.82,0.811,0.841,0.809,0.845,0.84,0.818,0.85,0.855
29-Jan-16,0.961,0.959,1.034,0.919,0.994,0.985,0.956,1.057,1.088
30-Jan-16,1.455,1.459,1.455,1.425,1.464,1.454,1.455,1.455,1.474
31-Jan-16,2.187,2.294,2.121,2.345,2.312,2.324,2.244,2.211,2.113
1-Feb-16,2.549,2.545,2.615,2.487,2.592,2.571,2.534,2.65,2.666
2-Feb-16,1.063,1.044,1.145,1.005,1.048,1.028,1.054,1.096,1.187
3-Feb-16,1.003,0.974,1.074,0.939,0.996,0.995,0.979,1.058,1.109
4-Feb-16,1.354,1.376,1.371,1.373,1.418,1.426,1.356,1.403,1.401
5-Feb-16,1.283,1.272,1.332,1.248,1.297,1.291,1.275,1.317,1.347
6-Feb-16,1.481,1.485,1.514,1.472,1.535,1.532,1.474,1.536,1.56
7-Feb-16,1.757,1.774,1.773,1.808,1.778,1.794,1.756,1.747,1.744
8-Feb-16,1.904,1.912,1.895,1.947,1.894,1.906,1.904,1.847,1.835
9-Feb-16,1.851,1.828,1.904,1.796,1.855,1.85,1.828,1.869,1.891
10-Feb-16,1.802,1.784,1.874,1.778,1.833,1.831,1.795,1.855,1.898
11-Feb-16,1.64,1.642,1.743,1.606,1.679,1.671,1.634,1.695,1.771
12-Feb-16,1.743,1.726,1.76,1.643,1.785,1.754,1.736,1.807,1.83
13-Feb-16,2.122,2.179,2.152,2.18,2.257,2.254,2.126,2.239,2.238
14-Feb-16,2.823,2.976,2.673,3.009,3.052,3.069,2.88,2.871,2.72
15-Feb-16,2.335,2.427,2.271,2.519,2.414,2.451,2.373,2.288,2.215
16-Feb-16,2.025,2.008,2.123,1.949,2.038,2.044,1.981,2.097,2.152
17-Feb-16,2.648,2.593,2.853,2.442,2.718,2.677,2.578,2.845,2.999
18-Feb-16,1.918,1.816,1.804,1.802,1.871,1.872,1.884,1.849,1.941
19-Feb-16,1.681,1.581,1.802,1.444,1.62,1.606,1.59,1.72,1.878
20-Feb-16,1.719,1.729,1.744,1.726,1.737,1.739,1.703,1.709,1.687
21-Feb-16,1.898,1.899,1.952,1.872,1.923,1.914,1.881,1.969,1.996
22-Feb-16,2.501,2.57,2.53,2.598,2.645,2.657,2.512,2.603,2.584
23-Feb-16,2.394,2.35,2.458,2.308,2.346,2.335,2.357,2.403,2.439
24-Feb-16,2.158,2.141,2.242,2.133,2.165,2.165,2.131,2.218,2.274
25-Feb-16,2.261,2.271,2.333,2.247,2.278,2.268,2.278,2.325,2.34
26-Feb-16,2.245,2.26,2.392,2.275,2.314,2.301,2.248,2.431,2.488
27-Feb-16,2.311,2.157,2.444,2.1,2.234,2.195,2.238,2.4,2.499
28-Feb-16,1.968,2.012,2.015,1.99,2.035,2.044,2.006,2.013,2.093
29-Feb-16,2.525,2.529,2.598,2.537,2.628,2.629,2.523,2.65,2.686
1-Mar-16,2.859,2.855,2.97,2.835,2.987,2.983,2.837,3.014,3.095
2-Mar-16,2.473,2.52,2.558,2.492,2.601,2.573,2.495,2.63,2.667
3-Mar-16,1.787,1.752,1.955,1.656,1.876,1.86,1.724,1.958,2.089
4-Mar-16,1.413,1.489,1.587,1.428,1.542,1.61,1.424,1.563,1.823
5-Mar-16,1.334,1.218,1.309,1.173,1.228,1.206,1.25,1.258,1.31
6-Mar-16,2.267,2.226,2.284,2.198,2.176,2.143,2.131,2.28,2.333
7-Mar-16,1.508,1.555,1.374,1.599,1.438,1.489,1.504,1.368,1.412
8-Mar-16,1.868,1.884,1.971,1.759,1.822,1.789,1.877,1.986,2.001
9-Mar-16,1.926,1.799,2.172,1.743,1.911,1.896,1.871,2.117,2.32
10-Mar-16,1.733,1.45,1.523,1.443,1.381,1.398,1.425,1.415,1.569
11-Mar-16,1.53,1.518,1.693,1.452,1.534,1.503,1.493,1.479,1.609
12-Mar-16,1.81,1.649,2.057,1.407,1.611,1.668,1.659,1.992,2.092
13-Mar-16,1.138,1.145,1.234,1.113,1.214,1.222,1.174,1.239,1.25
14-Mar-16,2.467,2.549,2.48,2.532,2.559,2.554,2.509,2.475,2.448
15-Mar-16,2.924,2.984,2.946,2.974,3.038,3.035,2.926,3.015,3.004
16-Mar-16,3.062,3.067,3.098,3.04,3.089,3.081,3.049,3.093,3.121
17-Mar-16,3.095,3.097,3.134,3.096,3.108,3.1,3.092,3.104,3.138
18-Mar-16,2.979,3.055,3.025,3.054,3.145,3.141,3.012,3.1,3.119
19-Mar-16,2.86,3.012,2.994,3.011,3.165,3.178,2.89,3.096,3.189
20-Mar-16,2.382,2.221,2.499,2.059,2.273,2.238,2.256,2.627,2.849
21-Mar-16,2.366,2.22,2.434,2.097,2.421,2.384,2.353,2.372,2.467
22-Mar-16,2.924,2.917,2.979,2.901,2.988,2.956,2.955,3.05,3.139
23-Mar-16,3.232,3.309,3.323,3.286,3.384,3.36,3.301,3.398,3.419
24-Mar-16,3.102,3.153,3.178,3.139,3.229,3.205,3.155,3.259,3.341
25-Mar-16,3.51,3.619,3.523,3.615,3.694,3.677,3.558,3.661,3.689
26-Mar-16,4.085,4.263,4.09,4.344,4.389,4.394,4.197,4.286,4.224
27-Mar-16,3.423,3.472,3.524,3.434,3.484,3.473,3.47,3.566,3.685
28-Mar-16,3.414,3.506,3.236,3.385,3.412,3.495,3.518,3.521,3.522
29-Mar-16,3.659,3.762,3.595,3.679,3.767,3.755,3.741,3.689,3.734
30-Mar-16,3.398,3.516,3.431,3.521,3.582,3.616,3.466,3.561,3.579
31-Mar-16,3.646,3.73,3.688,3.701,3.802,3.785,3.679,3.792,3.828
1-Apr-16,3.544,3.623,3.614,3.581,3.693,3.696,3.59,3.708,3.761
2-Apr-16,3.668,3.715,3.784,3.698,3.704,3.726,3.698,3.784,3.854
3-Apr-16,3.873,3.957,3.967,3.957,4.102,4.078,3.867,4.106,4.173
4-Apr-16,4.052,4.128,4.215,4.096,4.242,4.231,4.09,4.344,4.451
5-Apr-16,5.276,5.437,5.302,5.519,5.578,5.598,5.355,5.475,5.462
6-Apr-16,4.79,4.817,4.809,4.843,4.887,4.884,4.819,4.77,4.779
7-Apr-16,4.126,4.249,4.163,4.288,4.33,4.393,4.059,4.223,4.255
8-Apr-16,3.193,3.204,2.974,3.407,3.455,3.501,3.118,3.315,3.319
9-Apr-16,1.563,1.402,1.521,1.481,1.511,1.489,1.499,1.51,1.639
10-Apr-16,1.808,2.105,1.766,2.074,2.131,2.167,1.797,2.202,2.114
11-Apr-16,2.947,3.284,2.616,3.14,3.114,3.161,3.002,3.3,3.273
12-Apr-16,3.499,3.412,3.038,3.425,3.529,3.607,3.448,3.256,3.218
13-Apr-16,4.049,4.163,4.072,4.193,4.25,4.246,4.096,4.186,4.22
14-Apr-16,4.062,4.062,4.083,3.991,4.108,4.084,4.045,4.194,4.203
15-Apr-16,5.245,5.335,5.337,5.329,5.427,5.427,5.285,5.468,5.518
16-Apr-16,5.023,5.203,4.978,5.335,5.264,5.343,5.134,5.113,5.028
17-Apr-16,4.692,4.677,4.834,4.642,4.72,4.731,4.688,4.798,4.916
18-Apr-16,5.011,5.034,5.155,5.008,5.068,5.098,5.021,5.116,5.205
19-Apr-16,4.82,4.785,4.799,4.884,5.003,5.034,4.729,4.895,4.936
20-Apr-16,4.924,5.008,5.046,4.983,5.171,5.182,4.91,5.169,5.212
21-Apr-16,3.51,3.637,3.938,3.823,3.886,3.794,3.509,4.025,4.155
22-Apr-16,3.018,2.962,3.037,2.888,2.724,2.806,2.846,2.705,2.975
23-Apr-16,3.985,3.86,3.944,3.875,4.041,3.971,3.997,4.107,4.163
24-Apr-16,4.464,4.47,4.669,4.221,4.536,4.653,4.604,4.625,4.771
25-Apr-16,5.267,5.306,5.329,5.327,5.367,5.357,5.271,5.377,5.437
26-Apr-16,4.585,4.617,4.694,4.538,4.72,4.648,4.552,4.757,4.81
27-Apr-16,3.645,3.459,3.87,3.769,3.712,3.802,3.488,3.521,3.733
28-Apr-16,5.455,5.593,5.427,5.641,5.75,5.753,5.519,5.62,5.549
29-Apr-16,4.836,4.969,4.825,5.038,5.08,5.089,4.901,4.968,4.939
30-Apr-16,7.047,7.231,7.058,7.278,7.382,7.392,7.102,7.296,7.259
1-May-16,5.62,5.738,5.655,5.797,5.814,5.854,5.666,5.735,5.769
2-May-16,5.045,5.145,5.146,5.174,5.387,5.4,5.06,5.356,5.433
3-May-16,4.222,4.24,4.293,4.217,4.597,4.551,4.217,4.334,4.606
4-May-16,4.457,4.664,4.51,4.727,4.874,4.892,4.426,4.726,4.637
5-May-16,2.64,2.525,2.566,2.161,2.407,2.467,2.491,2.545,3.008
6-May-16,1.813,1.91,1.655,2.226,2.062,1.992,1.846,2.057,2.066
7-May-16,1.881,2.033,2.003,2.161,2.256,2.262,1.997,2.259,2.279
8-May-16,3.103,3.254,3.529,3.202,3.159,3.125,3.416,3.337,3.79
9-May-16,4.421,4.56,4.637,4.505,4.57,4.62,4.495,4.585,4.851
10-May-16,5.259,5.423,5.294,5.534,5.674,5.707,5.325,5.553,5.558
11-May-16,5.54,5.739,5.55,5.821,6.036,6.077,5.614,5.915,5.893
12-May-16,5.532,5.697,5.671,5.752,6.097,6.111,5.561,6.023,6.133
13-May-16,5.182,5.356,5.293,5.43,5.626,5.653,5.225,5.553,5.643
14-May-16,4.778,4.909,5.04,5.008,5.193,5.175,4.929,5.068,5.21
15-May-16,5.351,5.446,5.434,5.398,5.546,5.536,5.382,5.573,5.592
16-May-16,6.279,6.421,6.413,6.444,6.614,6.601,6.3,6.65,6.732
17-May-16,7.243,7.434,7.291,7.519,7.718,7.695,7.299,7.611,7.607
18-May-16,6.719,6.851,6.847,6.874,7.084,7.061,6.743,7.121,7.187
19-May-16,5.974,6.072,6.135,6.094,6.312,6.314,6.026,6.358,6.412
20-May-16,4.803,4.698,5.1,4.887,4.853,4.703,4.486,5.04,5.212
21-May-16,3.532,3.902,3.302,4.081,3.53,3.55,3.553,3.488,3.196
22-May-16,3.827,4.106,4.207,4.301,4.23,4.276,4.066,4.156,4.509
23-May-16,4.106,4.793,4.864,4.736,4.819,4.762,4.777,4.856,5.007
24-May-16,4.812,4.743,4.922,4.73,4.815,4.846,4.619,4.979,5.052
25-May-16,5.135,5.154,5.232,5.163,5.317,5.28,5.139,5.309,5.451
26-May-16,5.467,5.53,5.499,5.578,5.757,5.731,5.484,5.674,5.716
27-May-16,5.822,5.839,5.931,5.87,6.048,6.032,5.816,6.043,6.172
28-May-16,6.639,6.742,6.748,6.799,6.979,6.939,6.68,6.892,6.972
29-May-16,6.174,6.288,6.36,6.277,6.583,6.555,6.213,6.601,6.726
30-May-16,6.47,6.586,6.567,6.589,6.852,6.812,6.492,6.814,6.899
31-May-16,6.755,6.93,6.906,6.901,7.138,7.126,6.782,7.123,7.213
1-Jun-16,6.666,6.893,6.814,6.914,7.251,7.24,6.749,7.125,7.183
2-Jun-16,6.55,6.662,6.733,6.612,6.933,6.9,6.566,6.976,7.137
3-Jun-16,7.017,7.156,7.183,7.096,7.334,7.322,7.004,7.37,7.429
4-Jun-16,4.914,4.619,5.084,4.785,4.863,4.894,4.664,5.22,5.307
5-Jun-16,7.24,7.403,7.426,7.337,7.723,7.688,7.273,7.75,7.867
6-Jun-16,6.592,6.79,6.852,6.782,7.267,7.247,6.614,7.238,7.407
7-Jun-16,6.349,6.495,6.615,6.423,6.91,6.86,6.333,6.961,7.167
8-Jun-16,6.093,6.141,6.183,6.284,6.52,6.648,6.098,6.439,6.557
9-Jun-16,5.854,5.955,6.04,5.958,6.307,6.27,5.842,6.318,6.438
10-Jun-16,6.314,6.424,6.489,6.373,6.68,6.633,6.329,6.696,6.786
11-Jun-16,6.633,6.79,6.7,6.803,6.858,6.823,6.609,6.804,6.819
12-Jun-16,6.524,6.693,6.588,6.74,6.968,6.943,6.586,6.851,6.873
13-Jun-16,6.186,6.38,6.278,6.41,6.683,6.659,6.263,6.559,6.637
14-Jun-16,6.148,6.206,6.302,5.966,6.41,6.24,6.189,6.489,6.603
15-Jun-16,5.298,5.327,5.466,4.988,5.417,5.357,5.287,5.519,5.666
16-Jun-16,5.29,5.115,5.346,5.055,5.307,5.284,5.214,5.444,5.614
17-Jun-16,5.038,5.116,5.219,4.77,5.28,5.023,4.91,5.293,5.629
18-Jun-16,6.124,6.078,6.237,5.99,6.191,6.121,6.096,6.318,6.394
19-Jun-16,6.781,6.731,6.826,6.651,6.891,6.87,6.765,6.884,6.965
20-Jun-16,7.085,7.194,7.3,7.119,7.467,7.467,7.13,7.632,7.789
21-Jun-16,7.47,7.516,7.715,7.465,7.802,7.747,7.494,7.898,8.07
22-Jun-16,7.265,7.441,7.446,7.378,7.884,7.807,7.312,7.884,7.959
23-Jun-16,7.332,7.464,7.477,7.374,7.777,7.701,7.387,7.809,7.899
24-Jun-16,6.714,6.794,6.791,6.784,7.016,6.969,6.719,7.039,7.141
25-Jun-16,7.469,7.587,7.544,7.581,7.82,7.747,7.517,7.807,7.829
26-Jun-16,7.349,7.421,7.418,7.404,7.67,7.621,7.367,7.689,7.753
27-Jun-16,7.724,7.888,7.855,7.831,8.134,8.092,7.763,8.167,8.267
28-Jun-16,7.607,7.842,7.735,7.813,8.145,8.089,7.667,8.087,8.106
29-Jun-16,6.832,7.025,7.025,7.05,7.492,7.447,6.875,7.439,7.566
30-Jun-16,6.812,7.106,6.938,7.13,7.422,7.371,6.946,7.291,7.32
1-Jul-16,6.65,6.9,6.863,6.919,7.29,7.265,6.722,7.233,7.33
2-Jul-16,6.59,6.884,6.767,6.834,7.317,7.234,6.705,7.194,7.249
3-Jul-16,6.812,7.111,6.982,7.141,7.568,7.536,6.904,7.467,7.491
4-Jul-16,6.41,6.613,6.585,6.667,7.069,7.064,6.476,7.017,7.105
5-Jul-16,5.782,5.943,5.993,5.98,6.301,6.264,5.825,6.295,6.413
6-Jul-16,5.888,6.098,6.105,6.089,6.396,6.363,5.987,6.37,6.473
7-Jul-16,6.028,6.146,6.268,6.124,6.484,6.438,6.047,6.557,6.685
8-Jul-16,6.636,6.831,6.771,6.849,7.155,7.127,6.731,7.118,7.154
9-Jul-16,6.267,6.279,6.416,6.349,6.547,6.522,6.28,6.585,6.734
10-Jul-16,6.22,6.307,6.341,6.301,6.415,6.366,6.251,6.418,6.504
11-Jul-16,6.874,7,6.969,7.01,7.204,7.179,6.918,7.219,7.243
12-Jul-16,6.487,6.644,6.605,6.668,6.941,6.919,6.553,6.898,6.936
13-Jul-16,6.88,7.071,6.905,7.08,7.313,7.285,6.952,7.238,7.204
14-Jul-16,7.034,7.178,7.108,7.257,7.471,7.475,7.071,7.4,7.37
15-Jul-16,6.806,7.012,6.884,7.109,7.469,7.424,6.899,7.33,7.317
16-Jul-16,6.434,6.65,6.603,6.669,7.077,7.05,6.516,7.034,7.039
17-Jul-16,6.146,6.362,6.364,6.406,6.819,6.803,6.195,6.786,6.85
18-Jul-16,5.869,6.066,6.027,6.108,6.42,6.376,5.912,6.354,6.41
19-Jul-16,6.183,6.313,6.335,6.319,6.61,6.604,6.217,6.633,6.663
20-Jul-16,6.642,6.728,6.796,6.69,7.009,6.95,6.666,7.068,7.102
21-Jul-16,6.771,6.969,6.913,7.02,7.325,7.317,6.821,7.283,7.234
22-Jul-16,6.683,6.788,6.823,6.772,7.072,7.018,6.752,7.138,7.198
23-Jul-16,7.2,7.353,7.39,7.368,7.692,7.692,7.224,7.717,7.75
24-Jul-16,6.969,7.128,7.032,7.232,7.437,7.429,7.058,7.363,7.323
25-Jul-16,6.736,6.97,6.837,7.023,7.4,7.312,6.805,7.325,7.32
26-Jul-16,6.853,6.978,6.981,7.062,7.269,7.274,6.922,7.314,7.33
27-Jul-16,7.179,7.42,7.212,7.536,7.816,7.813,7.271,7.678,7.624
28-Jul-16,7.137,7.296,7.261,7.367,7.788,7.783,7.146,7.689,7.62
29-Jul-16,6.941,7.316,7.173,7.154,7.771,7.761,6.972,7.594,7.565
30-Jul-16,7.208,7.514,7.187,7.634,8.07,8.032,7.282,7.846,7.744
31-Jul-16,6.363,6.666,6.427,6.825,7.191,7.192,6.494,7.008,6.949
1-Aug-16,6.151,6.38,6.231,6.49,6.83,6.816,6.257,6.72,6.719
2-Aug-16,6.114,6.309,6.271,6.331,6.666,6.632,6.194,6.668,6.703
3-Aug-16,6.44,6.68,6.509,6.795,7.122,7.152,6.543,7.022,6.987
4-Aug-16,5.558,5.766,5.774,5.774,6.267,6.253,5.601,6.229,6.33
5-Aug-16,5.302,5.427,5.433,5.449,5.713,5.679,5.336,5.717,5.765
6-Aug-16,5.482,5.709,5.661,5.756,6.068,6.055,5.553,6.04,6.043
7-Aug-16,5.682,5.813,5.853,5.833,6.048,6.045,5.707,6.086,6.136
8-Aug-16,6.069,6.245,6.126,6.312,6.484,6.467,6.134,6.431,6.385
9-Aug-16,5.84,5.993,5.887,6.038,6.203,6.196,5.87,6.173,6.146
10-Aug-16,5.844,6.055,5.915,6.096,6.357,6.321,5.918,6.275,6.188
11-Aug-16,5.979,6.151,6.088,6.214,6.514,6.454,6.044,6.49,6.465
12-Aug-16,6.186,6.38,6.231,6.458,6.71,6.694,6.265,6.664,6.624
13-Aug-16,6.632,6.743,6.718,6.75,7.055,7.024,6.668,7.056,7.034
14-Aug-16,6.778,6.956,6.903,6.954,7.298,7.258,6.819,7.25,7.231
15-Aug-16,6.083,6.255,6.24,6.282,6.679,6.672,6.132,6.664,6.664
16-Aug-16,6.099,6.304,6.183,6.397,6.682,6.67,6.171,6.576,6.485
17-Aug-16,6.015,6.236,6.118,6.273,6.548,6.56,6.089,6.445,6.365
18-Aug-16,6.019,6.169,6.048,6.259,6.493,6.489,6.042,6.399,6.357
19-Aug-16,5.968,6.133,6.074,6.172,6.511,6.48,5.989,6.46,6.416
20-Aug-16,5.843,5.985,5.955,6.068,6.409,6.378,5.862,6.351,6.327
21-Aug-16,5.944,6.049,6.075,6.105,6.434,6.41,5.938,6.301,6.392
22-Aug-16,5.722,5.803,5.53,5.916,6.149,6.193,5.777,5.777,5.777
23-Aug-16,5.652,5.699,5.8,5.724,6.076,6.021,5.652,6.085,6.131
24-Aug-16,5.518,5.592,5.697,5.651,5.997,5.981,5.542,6.014,6.073
25-Aug-16,5.284,5.43,5.421,5.525,5.884,5.849,5.354,5.825,5.835
26-Aug-16,5.006,5.133,5.134,5.219,5.501,5.481,5.048,5.424,5.424
27-Aug-16,4.945,5.028,5.059,5.1,5.352,5.333,4.985,5.318,5.313
28-Aug-16,5.236,5.372,5.288,5.448,5.696,5.663,5.328,5.623,5.572
29-Aug-16,5.395,5.521,5.459,5.495,5.89,5.814,5.452,5.897,5.906
30-Aug-16,5.865,5.958,6.005,5.919,6.29,6.225,5.937,6.325,6.343
31-Aug-16,5.634,5.75,5.771,5.756,6.052,6.011,5.702,6.079,6.093
1-Sep-16,4.869,4.912,5.08,4.934,5.203,5.164,4.913,5.282,5.365
2-Sep-16,4.986,5.058,5.104,5.05,5.282,5.215,5.044,5.299,5.359
3-Sep-16,4.875,5.03,4.955,5.093,5.28,5.263,4.95,5.184,5.19
4-Sep-16,4.462,4.472,4.499,4.544,4.593,4.578,4.485,4.584,4.534
5-Sep-16,5.109,5.175,5.155,5.229,5.362,5.334,5.17,5.342,5.268
6-Sep-16,4.888,4.887,4.979,4.939,5.049,5.028,4.903,5.065,5.051
7-Sep-16,5.52,5.532,5.545,5.63,5.647,5.642,5.562,5.613,5.528
8-Sep-16,5.319,5.493,5.394,5.587,5.898,5.894,5.366,5.799,5.723
9-Sep-16,5.064,5.13,5.152,5.199,5.439,5.415,5.072,5.429,5.404
10-Sep-16,5.072,5.147,5.172,5.218,5.518,5.481,5.096,5.503,5.475
11-Sep-16,4.559,4.617,4.755,4.651,5,4.984,4.557,5.061,5.107
12-Sep-16,4.199,4.187,4.423,4.205,4.481,4.423,4.191,4.598,4.686
13-Sep-16,3.821,3.783,3.841,3.831,3.844,3.819,3.806,3.848,3.813
14-Sep-16,4.152,4.127,4.183,4.164,4.217,4.196,4.157,4.218,4.205
15-Sep-16,4.5,4.468,4.552,4.448,4.636,4.591,4.489,4.681,4.693
16-Sep-16,4.622,4.644,4.695,4.674,4.834,4.796,4.635,4.844,4.85
17-Sep-16,4.642,4.68,4.72,4.714,4.869,4.839,4.653,4.836,4.838
18-Sep-16,4.584,4.592,4.66,4.591,4.645,4.625,4.587,4.639,4.679
19-Sep-16,4.995,5.054,5.065,5.132,5.191,5.179,4.996,5.115,5.147
20-Sep-16,5.341,5.615,5.262,5.776,5.913,5.939,5.451,5.58,5.391
21-Sep-16,5.291,5.46,5.106,5.4,5.675,5.627,5.378,5.317,5.283
22-Sep-16,4.286,4.311,4.18,4.287,4.344,4.305,4.26,4.371,4.344
23-Sep-16,4.45,4.517,4.556,4.381,4.612,4.58,4.377,4.715,4.744
24-Sep-16,4.374,4.533,4.351,4.547,4.631,4.647,4.397,4.516,4.408
25-Sep-16,4.086,4.188,4.138,4.238,4.194,4.226,4.106,4.13,4.123
26-Sep-16,4.417,4.429,4.515,4.35,4.467,4.45,4.369,4.482,4.513
27-Sep-16,4.517,4.571,4.533,4.536,4.637,4.62,4.485,4.584,4.517
28-Sep-16,4.341,4.534,4.428,4.542,4.817,4.794,4.362,4.716,4.64
29-Sep-16,4.237,4.439,4.346,4.43,4.779,4.769,4.246,4.684,4.633
30-Sep-16,4.134,4.313,4.255,4.32,4.587,4.577,4.158,4.54,4.547
